aliquet massa id,Eddie,Dimnage,694467219-7,650.002,753,2000,Poland,"[""aliquet"",""vel"",""sociis"",""nisi"",""ipsum"",""neque vestibulum"",""aliquet pulvinar"",""curae duis"",""eu"",""pretium""]",2020-11-04 10:39:25,Eddie Dimnage
suscipit ligula in lacus,Iris,Gaenor,687345574-1,855.925,720,1964,Mexico,"[""auctor gravida"",""id pretium"",""in"",""dis"",""libero nullam"",""mauris non"",""faucibus orci"",""nascetur"",""quis tortor"",""turpis donec""]",2020-06-26 13:55:26,Iris Gaenor
ipsum aliquam non mauris morbi non lectus aliquam sit amet diam in magna bibendum imperdiet nullam,Keir,Biddlestone,210121886-0,451.955,1893,1995,Mongolia,"[""semper"",""sociis natoque"",""risus"",""molestie"",""aliquet"",""ullamcorper purus"",""eget massa"",""diam erat"",""aliquet"",""sit amet""]",2020-08-01 13:04:31,Keir Biddlestone
volutpat quam pede lobortis ligula sit amet eleifend pede libero,Cindelyn,Castilla,922645347-0,518.87,197,1991,Peru,"[""eu"",""consequat nulla"",""justo"",""porttitor"",""libero rutrum"",""nunc"",""nec"",""justo"",""pede"",""interdum venenatis""]",2021-01-04 13:54:14,Cindelyn Castilla
quis augue luctus tincidunt nulla mollis molestie lorem quisque ut erat curabitur gravida nisi at nibh,Dennison,Corday,516293280-9,725.498,1141,2006,North Korea,"[""sem"",""accumsan odio"",""quam turpis"",""consequat"",""ante ipsum"",""non"",""erat"",""risus"",""iaculis"",""sit""]",2021-05-25 00:51:09,Dennison Corday
sem praesent id massa id nisl venenatis lacinia aenean sit amet justo morbi ut odio cras mi pede malesuada in,Karlene,Otson,553329882-7,970.521,1830,2007,Russia,"[""duis"",""amet nulla"",""nonummy"",""pede"",""non quam"",""etiam"",""cubilia"",""magna vulputate"",""aenean"",""habitasse platea""]",2021-02-16 02:32:29,Karlene Otson
in sapien iaculis congue vivamus metus,Derril,Kee,476808175-4,238.811,1216,2001,Indonesia,"[""id"",""convallis morbi"",""aliquam augue"",""volutpat in"",""est"",""et"",""diam"",""ultrices"",""erat"",""gravida sem""]",2021-01-25 15:28:06,Derril Kee
est quam,Cazzie,Deackes,213513861-4,961.442,225,2008,Russia,"[""etiam"",""in"",""purus"",""in"",""sit"",""non pretium"",""a odio"",""natoque"",""blandit mi"",""et eros""]",2020-09-27 09:37:09,Cazzie Deackes
vitae nisi nam ultrices libero,Antoine,Sholl,770497860-8,250.541,595,2006,Brazil,"[""purus"",""eget"",""ultrices mattis"",""quam"",""nisi eu"",""maecenas"",""tincidunt"",""vel augue"",""varius nulla"",""orci luctus""]",2020-06-19 14:13:39,Antoine Sholl
mauris enim leo rhoncus sed vestibulum sit amet,Edna,Pilcher,365435148-4,230.379,470,2003,Burkina Faso,"[""at velit"",""velit"",""molestie nibh"",""lacinia"",""ac"",""leo pellentesque"",""pulvinar"",""aliquam convallis"",""auctor"",""quam sollicitudin""]",2020-08-07 15:31:00,Edna Pilcher
sed accumsan felis ut at dolor quis odio consequat varius integer ac leo pellentesque ultrices mattis odio donec,Liana,Marchington,782079903-X,577.81,753,2005,Poland,"[""mauris sit"",""sagittis"",""ut massa"",""in"",""ultrices posuere"",""pede malesuada"",""erat tortor"",""quis orci"",""in tempor"",""libero nullam""]",2021-01-15 08:56:33,Liana Marchington
integer non velit,Kristofor,Tschierse,287323877-1,174.299,1225,2008,Indonesia,"[""nec euismod"",""rutrum at"",""in"",""ipsum dolor"",""bibendum"",""pulvinar"",""amet lobortis"",""aliquam"",""cubilia"",""diam cras""]",2020-11-21 16:18:36,Kristofor Tschierse
vestibulum proin eu mi nulla ac enim in tempor turpis nec euismod scelerisque quam turpis adipiscing lorem vitae,Hoebart,Oboy,931926744-8,529.096,408,1999,China,"[""turpis"",""sit"",""justo"",""ut"",""parturient"",""bibendum morbi"",""libero convallis"",""sed ante"",""diam"",""ut rhoncus""]",2020-09-20 12:28:09,Hoebart Oboy
lorem vitae mattis nibh ligula nec sem duis aliquam convallis nunc proin at turpis a pede posuere nonummy integer,Ricky,Petty,124548823-6,277.279,365,2008,Russia,"[""in quis"",""fusce"",""nec sem"",""justo morbi"",""a libero"",""dolor sit"",""in hac"",""mauris"",""convallis"",""diam neque""]",2021-05-12 05:30:53,Ricky Petty
augue vestibulum rutrum rutrum neque aenean auctor gravida sem praesent id,Costanza,Moran,822133167-8,736.866,563,2012,Armenia,"[""id luctus"",""justo in"",""elementum"",""condimentum curabitur"",""in"",""duis"",""integer ac"",""lobortis"",""vel"",""morbi vel""]",2020-09-30 10:51:24,Costanza Moran
ipsum primis in faucibus orci luctus et ultrices posuere cubilia,Jimmie,Blouet,977272508-8,109.224,1510,1997,Indonesia,"[""hac"",""ultrices"",""eleifend"",""ac"",""dolor quis"",""eleifend"",""vel pede"",""enim blandit"",""vel"",""ultrices""]",2020-12-17 09:39:36,Jimmie Blouet
venenatis turpis enim blandit mi in porttitor pede justo eu,Ondrea,Shields,108023377-6,40.844,171,1986,China,"[""eros elementum"",""amet turpis"",""proin at"",""turpis"",""ac neque"",""ipsum primis"",""ultrices posuere"",""praesent blandit"",""elit proin"",""sapien sapien""]",2020-12-29 01:26:11,Ondrea Shields
odio cras mi pede malesuada in imperdiet et commodo vulputate justo in blandit,Arny,Antrum,853018676-1,491.913,1054,2001,Indonesia,"[""ridiculus mus"",""turpis"",""mattis odio"",""posuere"",""mauris"",""purus"",""dapibus augue"",""id"",""erat fermentum"",""faucibus""]",2020-12-17 06:00:43,Arny Antrum
nisl duis,Maurine,Couroy,977842671-6,786.646,1260,2010,Indonesia,"[""augue"",""sapien"",""nascetur"",""semper"",""consectetuer"",""pellentesque at"",""magna"",""donec"",""amet lobortis"",""lectus in""]",2020-09-08 14:17:33,Maurine Couroy
donec pharetra magna vestibulum aliquet ultrices erat tortor sollicitudin mi sit amet lobortis sapien sapien non mi integer ac neque,Christin,Janssen,395967241-1,17.671,1245,1999,Russia,"[""sapien quis"",""luctus"",""sapien iaculis"",""tortor"",""at"",""enim"",""consectetuer"",""turpis"",""maecenas"",""praesent blandit""]",2020-12-25 15:00:27,Christin Janssen
amet cursus id turpis integer,Alexis,Cassels,664558702-3,808.35,1021,1997,Greece,"[""nisl"",""in sapien"",""a"",""vulputate luctus"",""bibendum morbi"",""mi pede"",""erat"",""faucibus"",""elit ac"",""elementum""]",2020-10-25 05:41:45,Alexis Cassels
aliquet ultrices erat tortor sollicitudin mi sit amet lobortis sapien,Emanuele,Ramshaw,449081876-9,729.684,1174,1998,Guatemala,"[""libero convallis"",""gravida"",""eget semper"",""lacinia"",""luctus rutrum"",""eleifend pede"",""at"",""integer aliquet"",""sapien"",""suscipit""]",2020-10-06 03:44:56,Emanuele Ramshaw
nullam porttitor lacus at turpis donec posuere metus vitae ipsum aliquam non mauris,Kristal,Riccioppo,544007359-0,807.953,552,1985,Finland,"[""duis bibendum"",""quis"",""quam pharetra"",""quisque"",""lacus"",""pharetra magna"",""ac"",""natoque"",""velit vivamus"",""tellus nulla""]",2021-02-18 08:10:50,Kristal Riccioppo
etiam faucibus cursus urna ut,Blondell,Lawly,727400098-5,34.563,513,1998,Azerbaijan,"[""nullam sit"",""pulvinar nulla"",""amet"",""quis orci"",""eleifend"",""pretium"",""cum sociis"",""nulla"",""aliquam augue"",""cras pellentesque""]",2021-01-15 17:33:02,Blondell Lawly
magna bibendum imperdiet nullam orci pede venenatis non sodales sed tincidunt eu felis fusce,Alma,Sudlow,351697437-0,588.439,1268,2001,Indonesia,"[""nulla mollis"",""et ultrices"",""ullamcorper augue"",""quisque id"",""aliquam augue"",""amet sapien"",""ut erat"",""amet"",""amet sem"",""nullam varius""]",2020-12-03 05:42:10,Alma Sudlow
augue,Renado,Haggath,100423479-1,720.005,174,2001,Russia,"[""tortor"",""nulla"",""in lacus"",""in blandit"",""nulla"",""a feugiat"",""ipsum primis"",""nulla facilisi"",""bibendum"",""in eleifend""]",2020-11-05 10:38:19,Renado Haggath
adipiscing elit,Sampson,Shave,261962268-9,428.532,1908,1992,Brazil,"[""maecenas tincidunt"",""ut dolor"",""eget"",""volutpat"",""turpis nec"",""mauris"",""sit"",""venenatis tristique"",""ornare consequat"",""a""]",2021-02-14 02:59:10,Sampson Shave
varius nulla facilisi cras non velit nec nisi vulputate nonummy maecenas tincidunt lacus at velit vivamus vel nulla eget eros,Tandie,Grealy,970321599-8,949.571,1130,1997,China,"[""mi"",""nisl ut"",""tempor turpis"",""non"",""eleifend donec"",""est quam"",""ut"",""pellentesque"",""in"",""erat""]",2020-08-27 15:08:24,Tandie Grealy
et ultrices posuere cubilia curae nulla dapibus,Trixi,Cuthbertson,883227805-7,779.301,1864,1992,Belarus,"[""nullam varius"",""in"",""purus"",""vel"",""diam"",""quam"",""quisque erat"",""amet"",""rutrum"",""tempus sit""]",2021-02-02 14:52:36,Trixi Cuthbertson
primis in,Ambrosi,Reeman,617693402-8,640.3,904,2001,Ukraine,"[""sollicitudin vitae"",""non"",""congue diam"",""turpis"",""morbi"",""in hac"",""orci pede"",""volutpat"",""ligula"",""nibh""]",2020-09-02 23:29:29,Ambrosi Reeman
vulputate luctus cum sociis natoque penatibus et magnis dis parturient montes,Obie,Roscow,755644969-6,89.137,1517,2008,Pakistan,"[""ridiculus"",""proin"",""a odio"",""ipsum integer"",""non"",""accumsan"",""enim leo"",""justo aliquam"",""faucibus orci"",""lorem""]",2021-06-01 20:56:31,Obie Roscow
parturient montes nascetur ridiculus mus etiam vel augue vestibulum rutrum rutrum neque aenean auctor,Ardelia,Skipper,950143550-4,591.337,487,2011,Philippines,"[""aenean fermentum"",""eleifend"",""vestibulum quam"",""consectetuer adipiscing"",""ut mauris"",""habitasse platea"",""platea dictumst"",""augue"",""nulla"",""purus aliquet""]",2021-01-16 00:11:20,Ardelia Skipper
sit amet turpis elementum,Avis,Manson,068488842-4,328.48,1848,2007,Nigeria,"[""diam"",""tempus"",""donec"",""eget tincidunt"",""fusce lacus"",""facilisi cras"",""tempor"",""magna vestibulum"",""convallis"",""enim""]",2021-03-07 04:06:26,Avis Manson
sit amet eleifend pede libero quis orci nullam molestie nibh,Georgeanna,Goodredge,082459187-9,644.875,1667,2011,Sri Lanka,"[""vestibulum ante"",""vivamus metus"",""felis"",""luctus"",""purus"",""dapibus"",""parturient montes"",""vel augue"",""ipsum"",""morbi vel""]",2021-05-06 07:22:36,Georgeanna Goodredge
pharetra magna vestibulum aliquet ultrices erat tortor sollicitudin mi sit amet lobortis sapien,Forbes,Dalziell,115404273-1,354.777,1845,1989,Indonesia,"[""ut erat"",""pede lobortis"",""integer ac"",""quisque"",""nunc"",""sem duis"",""penatibus et"",""sapien"",""faucibus orci"",""congue etiam""]",2020-11-09 22:30:14,Forbes Dalziell
arcu adipiscing molestie hendrerit at vulputate vitae,Hailey,Frayne,433945661-6,81.895,738,1996,Brazil,"[""eu orci"",""morbi"",""cum sociis"",""nulla"",""a"",""fusce"",""lobortis"",""vestibulum ante"",""sit amet"",""sed magna""]",2020-09-08 20:08:35,Hailey Frayne
justo in hac habitasse platea dictumst etiam faucibus cursus urna ut tellus nulla ut erat id mauris vulputate,Arlie,Dallyn,211867259-4,618.776,415,2005,Indonesia,"[""lectus in"",""neque aenean"",""a"",""sit amet"",""dui"",""ipsum primis"",""platea dictumst"",""ac"",""eu"",""posuere nonummy""]",2020-08-17 12:20:10,Arlie Dallyn
magnis dis parturient montes nascetur ridiculus mus etiam vel augue vestibulum rutrum rutrum neque aenean auctor gravida sem praesent,Demetri,Glendenning,461921329-2,389.002,1641,1991,Czech Republic,"[""eget elit"",""convallis nulla"",""augue vel"",""justo sollicitudin"",""tincidunt eget"",""tortor"",""platea"",""vitae nisl"",""dui proin"",""tincidunt eget""]",2021-01-17 06:16:49,Demetri Glendenning
sem duis aliquam convallis nunc proin at turpis a pede posuere nonummy,Obadiah,Twiname,066320986-2,561.755,1949,2000,China,"[""morbi"",""in"",""tortor"",""curabitur in"",""cras pellentesque"",""iaculis justo"",""tortor"",""duis at"",""dui"",""vel augue""]",2021-03-07 14:23:08,Obadiah Twiname
sit amet cursus id turpis integer,Carmencita,Reymers,255113792-6,229.48,1857,1996,Indonesia,"[""vivamus vestibulum"",""vitae quam"",""iaculis justo"",""hac"",""in"",""consequat in"",""sociis natoque"",""in felis"",""purus sit"",""pellentesque volutpat""]",2021-05-01 16:34:07,Carmencita Reymers
aliquam non mauris morbi non lectus aliquam sit amet diam in,Kassandra,McTrusty,359017356-4,783.781,1057,2011,Japan,"[""quam fringilla"",""velit id"",""congue risus"",""congue"",""at dolor"",""aliquam"",""rhoncus"",""rhoncus"",""velit donec"",""ipsum""]",2020-08-08 08:37:12,Kassandra McTrusty
in faucibus orci luctus et ultrices posuere cubilia curae nulla dapibus dolor,Rose,Ellesworth,383554315-6,480.849,1491,1971,Mexico,"[""fusce posuere"",""at"",""metus"",""donec"",""non quam"",""nulla"",""rutrum"",""ut tellus"",""amet"",""ut massa""]",2020-10-03 17:17:49,Rose Ellesworth
luctus rutrum nulla tellus in,Shayna,Bourdis,567172712-X,444.284,1024,1993,Azerbaijan,"[""vestibulum"",""nullam sit"",""nulla sed"",""nec"",""erat eros"",""sed tristique"",""duis"",""pulvinar nulla"",""sit"",""elementum ligula""]",2020-07-26 20:03:45,Shayna Bourdis
purus eu magna vulputate luctus,Flossi,Di Bernardo,581097076-1,764.226,1329,2009,Canada,"[""ultrices posuere"",""nulla sed"",""vel dapibus"",""quis lectus"",""phasellus in"",""eget nunc"",""neque"",""etiam vel"",""sit"",""pede ac""]",2020-12-10 21:45:33,Flossi Di Bernardo
ac neque duis bibendum morbi non quam nec dui luctus rutrum nulla tellus in sagittis,Ash,Alabone,266926613-4,994.826,932,1991,Sweden,"[""odio consequat"",""sapien sapien"",""aliquam"",""vestibulum sed"",""neque duis"",""sed tristique"",""vel lectus"",""amet"",""neque duis"",""dolor vel""]",2020-07-29 02:02:13,Ash Alabone
consectetuer eget rutrum at lorem integer,Jess,Sussans,297582705-9,490.415,1827,2009,China,"[""placerat praesent"",""in"",""ut suscipit"",""duis bibendum"",""nulla nisl"",""varius"",""elit"",""eu"",""vulputate"",""nisl nunc""]",2020-10-17 17:48:34,Jess Sussans
quis justo maecenas rhoncus aliquam lacus morbi quis tortor id nulla ultrices aliquet maecenas leo odio,Dudley,Huett,556084092-0,866.37,1696,2009,Indonesia,"[""erat eros"",""orci vehicula"",""quam pede"",""sit amet"",""felis sed"",""mauris"",""quis justo"",""quam turpis"",""risus"",""vestibulum proin""]",2021-04-28 02:28:40,Dudley Huett
ornare imperdiet sapien urna pretium nisl ut volutpat sapien arcu sed augue aliquam erat volutpat in,Borg,Ivett,416287655-X,328.266,1350,2012,Sweden,"[""mollis molestie"",""id luctus"",""posuere cubilia"",""natoque"",""primis in"",""auctor sed"",""est lacinia"",""eget"",""orci mauris"",""tempor turpis""]",2020-11-26 14:32:58,Borg Ivett
sociis natoque penatibus et magnis dis parturient montes,Neel,Giabuzzi,011029145-X,817.989,1523,2006,Tanzania,"[""vestibulum"",""tellus"",""suspendisse"",""amet"",""nulla integer"",""dictumst"",""lectus"",""sagittis"",""sodales sed"",""et magnis""]",2021-03-16 10:36:19,Neel Giabuzzi
dolor quis odio consequat varius integer ac leo pellentesque ultrices mattis odio donec vitae nisi nam,Katya,Brimicombe,946566924-5,842.867,1778,1992,Indonesia,"[""potenti"",""sagittis nam"",""iaculis justo"",""lobortis convallis"",""id"",""ante"",""ultrices erat"",""integer"",""velit"",""ut""]",2021-05-09 00:26:41,Katya Brimicombe
fringilla,Rheba,Pinn,169872113-7,977.406,1575,2011,Central African Republic,"[""eget semper"",""sit amet"",""nunc rhoncus"",""ac neque"",""auctor"",""sed sagittis"",""sed interdum"",""vitae nisl"",""congue"",""consequat nulla""]",2021-04-05 05:43:16,Rheba Pinn
amet consectetuer adipiscing elit proin interdum mauris non ligula pellentesque ultrices phasellus id,Bale,Di Biasio,984477570-1,394.564,1063,2001,Sweden,"[""tincidunt in"",""in"",""nulla integer"",""porta"",""congue"",""elementum"",""odio justo"",""sapien cursus"",""felis fusce"",""aliquam""]",2020-11-30 15:58:49,Bale Di Biasio
curabitur gravida nisi at nibh in hac habitasse platea dictumst aliquam augue,Tan,Boolsen,523890068-6,899.419,1407,1997,Portugal,"[""congue"",""aliquet"",""nisl"",""aenean sit"",""eu"",""amet"",""sapien"",""mi in"",""adipiscing elit"",""habitasse""]",2021-03-03 05:19:11,Tan Boolsen
porttitor lorem id ligula suspendisse ornare consequat lectus in est risus auctor sed tristique in tempus sit amet sem,Heddi,Hazelden,175849316-X,408.402,490,2011,Croatia,"[""luctus"",""adipiscing"",""auctor"",""augue"",""ipsum"",""ante"",""erat fermentum"",""pede libero"",""montes nascetur"",""lectus""]",2021-01-31 17:36:04,Heddi Hazelden
id lobortis convallis,Rutter,Puddifer,939577979-9,946.001,1132,2009,Mongolia,"[""lacus curabitur"",""ante"",""nonummy integer"",""velit"",""blandit ultrices"",""luctus"",""proin eu"",""orci nullam"",""pellentesque"",""id""]",2021-05-02 11:17:00,Rutter Puddifer
libero,Mohandas,Janssen,101060048-6,264.832,1769,1987,Brazil,"[""duis"",""vivamus"",""aliquet massa"",""lorem"",""lacinia"",""a pede"",""mauris"",""sollicitudin"",""sapien"",""hendrerit at""]",2020-07-06 10:37:48,Mohandas Janssen
risus,Gayle,Hazeley,561408701-X,10.803,193,2009,China,"[""curae"",""felis donec"",""primis in"",""pede"",""tincidunt eget"",""lacinia"",""blandit ultrices"",""hac habitasse"",""phasellus id"",""id mauris""]",2020-07-31 13:37:47,Gayle Hazeley
tincidunt eget tempus vel pede morbi porttitor lorem id,Eddy,Kewish,227117747-2,909.618,650,2004,Brazil,"[""diam nam"",""donec ut"",""congue"",""faucibus cursus"",""nisl"",""vivamus"",""potenti in"",""eget"",""curae donec"",""in purus""]",2020-06-25 15:17:13,Eddy Kewish
ipsum primis in faucibus orci luctus et ultrices posuere cubilia curae duis,Lanie,Mickleborough,565615479-3,727.591,1246,1996,Bulgaria,"[""neque vestibulum"",""curae mauris"",""non"",""fusce consequat"",""aenean auctor"",""sed justo"",""lacinia"",""aliquam lacus"",""dictumst morbi"",""porta volutpat""]",2020-11-27 02:07:07,Lanie Mickleborough
et ultrices posuere cubilia,Tedd,Dies,505663547-2,114.23,1921,1992,Greece,"[""leo odio"",""ut"",""imperdiet et"",""ultrices vel"",""quis tortor"",""donec ut"",""mi integer"",""lacus at"",""a"",""in""]",2021-02-08 09:25:28,Tedd Dies
vivamus vestibulum sagittis sapien cum sociis,Nell,Gaynes,077980107-5,260.532,1432,2003,Laos,"[""sapien"",""at"",""id"",""nunc proin"",""platea dictumst"",""nibh in"",""ac nulla"",""orci luctus"",""tincidunt"",""vel augue""]",2021-01-03 11:49:09,Nell Gaynes
primis in faucibus orci luctus et ultrices posuere cubilia curae donec pharetra magna vestibulum aliquet ultrices erat,Harbert,Willavize,431014344-X,989.187,1607,2008,Philippines,"[""blandit"",""egestas"",""iaculis"",""phasellus sit"",""vel nisl"",""varius"",""ac"",""nam"",""cubilia curae"",""in felis""]",2021-04-25 05:07:50,Harbert Willavize
magna vestibulum aliquet ultrices erat tortor sollicitudin mi,Claudianus,Frigout,345244499-6,757.046,1868,1986,China,"[""urna ut"",""dictumst maecenas"",""tellus"",""venenatis"",""quisque"",""in lacus"",""suspendisse ornare"",""a"",""tincidunt"",""vel nisl""]",2021-02-11 21:52:59,Claudianus Frigout
non sodales,Putnam,Hatherleigh,425436249-8,558.78,139,2007,Bulgaria,"[""faucibus"",""orci"",""blandit lacinia"",""justo maecenas"",""est"",""maecenas"",""cubilia"",""purus"",""ultricies"",""mollis molestie""]",2021-01-14 12:27:07,Putnam Hatherleigh
curae mauris viverra diam vitae quam suspendisse potenti nullam porttitor lacus at turpis donec posuere metus,Glory,Hackley,887561631-0,827.727,1241,2002,Indonesia,"[""quisque"",""id"",""nibh quisque"",""integer non"",""montes"",""ante"",""lacinia"",""ultrices"",""facilisi cras"",""condimentum neque""]",2021-03-20 18:26:45,Glory Hackley
sapien in sapien iaculis,Elliot,Hatrey,021618015-5,690.284,442,1993,China,"[""tempus"",""metus arcu"",""vivamus"",""faucibus accumsan"",""pulvinar"",""in"",""in"",""curabitur"",""sit amet"",""venenatis non""]",2020-07-29 07:55:21,Elliot Hatrey
adipiscing molestie hendrerit at vulputate vitae nisl aenean lectus,Wally,Hrus,214673380-2,669.381,1384,1989,Ivory Coast,"[""nec"",""luctus et"",""at nibh"",""erat"",""pellentesque"",""potenti"",""lectus aliquam"",""sed"",""mauris ullamcorper"",""quis""]",2021-05-04 19:19:19,Wally Hrus
at feugiat non pretium quis lectus suspendisse potenti in eleifend quam a odio in hac habitasse,Flint,Bartles,670758384-0,57.273,369,1986,Colombia,"[""posuere"",""ultrices enim"",""nec sem"",""ridiculus mus"",""integer ac"",""ultrices erat"",""vulputate justo"",""at"",""aliquam lacus"",""in eleifend""]",2021-02-09 21:21:40,Flint Bartles
consectetuer eget rutrum at lorem integer tincidunt ante vel ipsum praesent blandit lacinia erat vestibulum sed magna,Keelby,Dwyr,264261015-2,985.951,980,1995,France,"[""sed"",""morbi quis"",""aenean lectus"",""et commodo"",""aenean auctor"",""eget"",""pellentesque"",""at nibh"",""quis"",""odio elementum""]",2020-11-18 15:54:31,Keelby Dwyr
vulputate nonummy maecenas,Harbert,Imlach,467920864-3,309.858,288,2003,Kazakhstan,"[""quam"",""sed"",""amet erat"",""ultrices mattis"",""justo"",""vel"",""vestibulum"",""lacus morbi"",""nisi nam"",""placerat ante""]",2021-06-07 15:49:50,Harbert Imlach
vulputate luctus cum sociis natoque penatibus et magnis dis parturient montes nascetur ridiculus mus vivamus vestibulum,Reilly,Conry,907607925-0,958.953,792,1992,Guatemala,"[""eget eleifend"",""lacus"",""sit amet"",""enim"",""eu est"",""at"",""vestibulum"",""augue"",""venenatis"",""vel""]",2020-07-17 15:38:52,Reilly Conry
vivamus metus arcu adipiscing molestie hendrerit at vulputate vitae nisl aenean lectus pellentesque eget nunc donec,Page,Du Fray,018739676-0,40.541,686,2012,Nigeria,"[""ipsum primis"",""fusce"",""interdum venenatis"",""lobortis convallis"",""sit amet"",""platea"",""est donec"",""sit amet"",""vestibulum ante"",""neque duis""]",2021-02-11 01:49:13,Page Du Fray
vestibulum eget vulputate ut ultrices vel augue vestibulum,Rayner,Bryning,942694344-7,55.503,1052,1989,Spain,"[""pellentesque quisque"",""nulla ultrices"",""luctus nec"",""ligula sit"",""maecenas leo"",""dignissim"",""lacus"",""quis"",""integer"",""ipsum""]",2020-10-20 02:59:17,Rayner Bryning
adipiscing elit proin interdum mauris non ligula pellentesque ultrices phasellus id sapien in sapien iaculis congue vivamus metus arcu,Jeniece,Bickerstaff,419584293-X,512.584,835,2001,China,"[""magna"",""ornare imperdiet"",""mattis pulvinar"",""bibendum"",""dignissim"",""tellus"",""pulvinar"",""tortor sollicitudin"",""feugiat"",""nibh""]",2020-06-29 20:45:51,Jeniece Bickerstaff
sollicitudin mi sit amet lobortis sapien sapien,Antonietta,Ridings,396080557-8,784.712,1786,1999,Philippines,"[""dui maecenas"",""nisi volutpat"",""in"",""tortor"",""ipsum dolor"",""mi in"",""nisl"",""aliquet"",""ultricies"",""orci""]",2020-11-03 15:50:44,Antonietta Ridings
libero ut massa volutpat convallis morbi,Gaultiero,Kerfod,945809669-3,921.875,573,2000,Philippines,"[""tellus in"",""a suscipit"",""ut"",""at"",""erat"",""congue"",""ac nulla"",""orci"",""morbi odio"",""suspendisse potenti""]",2020-09-06 01:55:19,Gaultiero Kerfod
integer a nibh in quis justo maecenas rhoncus,Aridatha,Ferreras,297077335-X,158.664,1321,2011,China,"[""augue"",""interdum"",""ipsum"",""eleifend quam"",""turpis eget"",""pellentesque ultrices"",""est risus"",""tempus semper"",""feugiat"",""ligula in""]",2020-12-09 00:00:16,Aridatha Ferreras
nec molestie sed justo pellentesque viverra pede ac diam cras pellentesque volutpat dui maecenas,Brade,Fitzer,156921039-X,223.301,1549,2006,Indonesia,"[""id luctus"",""amet"",""erat volutpat"",""consequat"",""tellus"",""dapibus augue"",""volutpat quam"",""eget congue"",""tempor"",""dis""]",2021-03-16 06:11:54,Brade Fitzer
id consequat in consequat,Arri,Doppler,860121814-8,68.365,1207,1996,Indonesia,"[""duis"",""sapien in"",""blandit nam"",""amet eros"",""justo"",""in"",""condimentum neque"",""in"",""hac habitasse"",""in quis""]",2021-05-08 17:45:29,Arri Doppler
eros suspendisse accumsan tortor,Marta,Sisse,764794912-8,583.427,431,2006,France,"[""cras"",""at turpis"",""adipiscing elit"",""posuere nonummy"",""nunc vestibulum"",""posuere cubilia"",""nullam sit"",""tincidunt"",""est lacinia"",""lacinia aenean""]",2020-12-30 02:44:06,Marta Sisse
proin eu mi nulla ac enim,Nikolaus,Solan,100722518-1,633.352,1310,2011,Philippines,"[""duis ac"",""velit"",""integer ac"",""mauris"",""non interdum"",""ipsum"",""eget elit"",""lacinia"",""nec nisi"",""quam sollicitudin""]",2020-10-15 06:50:55,Nikolaus Solan
cubilia curae mauris viverra diam,Lamont,Aldren,741608936-0,681.73,1080,1995,Indonesia,"[""venenatis"",""iaculis"",""sed"",""curabitur"",""ut"",""vestibulum ante"",""et magnis"",""non"",""cursus"",""eu""]",2021-03-15 16:48:26,Lamont Aldren
integer ac neque duis bibendum morbi non quam nec dui luctus rutrum nulla tellus in sagittis dui vel nisl,Alanson,Hanniger,693243264-1,612.892,589,2011,Palau,"[""molestie"",""cubilia"",""vehicula condimentum"",""est"",""duis consequat"",""ut"",""ac"",""ultrices erat"",""cras non"",""quisque""]",2020-08-10 10:30:52,Alanson Hanniger
vehicula condimentum curabitur in libero ut massa volutpat convallis morbi odio odio elementum eu,Fowler,Pettet,177051472-4,331.128,1962,2010,Sweden,"[""id"",""commodo vulputate"",""et ultrices"",""vehicula"",""cubilia curae"",""elit sodales"",""dapibus dolor"",""risus semper"",""amet"",""nam dui""]",2020-07-11 14:24:52,Fowler Pettet
viverra eget congue eget semper rutrum nulla nunc purus phasellus in felis donec semper sapien a libero nam,Marthena,Haysey,890101270-7,12.54,1148,1999,Philippines,"[""eget"",""duis"",""vitae"",""nulla neque"",""at"",""vitae"",""in"",""habitasse"",""quis orci"",""ut""]",2020-06-18 11:06:38,Marthena Haysey
non lectus aliquam sit amet diam in magna bibendum,Egor,Sandever,717937323-0,583.656,1614,2011,Portugal,"[""tellus in"",""aliquam erat"",""mus"",""integer"",""id massa"",""diam"",""hac"",""at turpis"",""amet"",""elementum""]",2020-11-13 12:51:37,Egor Sandever
in eleifend quam a odio in hac habitasse platea dictumst maecenas ut massa quis augue luctus tincidunt nulla,Raphaela,Kelling,847031735-0,302.528,1179,2009,Philippines,"[""sem"",""amet"",""donec ut"",""massa donec"",""vestibulum"",""sapien"",""sapien non"",""in hac"",""tincidunt eget"",""interdum in""]",2021-06-09 11:50:00,Raphaela Kelling
ac consequat metus sapien ut nunc vestibulum ante ipsum primis in faucibus orci luctus,Issy,Gladdish,258808030-8,828.134,76,2002,Uzbekistan,"[""volutpat erat"",""amet nunc"",""sodales scelerisque"",""imperdiet"",""sit"",""eget"",""quis"",""sagittis"",""sociis natoque"",""consequat""]",2021-01-30 13:13:35,Issy Gladdish
vel accumsan tellus nisi eu orci mauris lacinia sapien quis libero nullam sit amet turpis elementum ligula vehicula,Shanta,Rojahn,538353220-X,329.509,1785,2004,Sweden,"[""ut"",""in"",""dis parturient"",""tincidunt"",""sagittis dui"",""cras"",""morbi"",""suscipit"",""ultrices vel"",""praesent""]",2020-11-08 18:16:58,Shanta Rojahn
sapien cum sociis natoque penatibus et magnis dis parturient montes nascetur ridiculus mus etiam vel augue vestibulum rutrum rutrum neque,Maynord,Langman,890971226-0,52.81,167,1999,Sweden,"[""ut erat"",""pretium"",""massa id"",""tincidunt in"",""viverra pede"",""rutrum"",""adipiscing"",""sed tincidunt"",""in hac"",""amet cursus""]",2020-07-13 08:55:15,Maynord Langman
velit vivamus vel nulla eget eros elementum pellentesque quisque porta volutpat erat quisque erat eros viverra,Louie,De Ferraris,536645440-9,839.907,856,1990,China,"[""neque libero"",""vulputate"",""ante ipsum"",""volutpat convallis"",""mus"",""ac"",""sit amet"",""leo"",""lacus"",""est quam""]",2020-09-10 23:08:27,Louie De Ferraris
curae mauris viverra diam vitae quam suspendisse potenti nullam porttitor,Thorn,Garnul,863570631-5,118.74,571,2006,Philippines,"[""elementum"",""risus dapibus"",""vestibulum"",""metus"",""in porttitor"",""ut"",""ut nunc"",""cubilia"",""luctus cum"",""tincidunt""]",2021-01-22 01:24:35,Thorn Garnul
viverra eget,Wendeline,Josskoviz,430466928-1,570.583,157,2007,Ukraine,"[""aliquet"",""non mattis"",""elit sodales"",""sit amet"",""congue"",""nulla"",""lacinia eget"",""at velit"",""varius ut"",""vel sem""]",2020-12-10 14:48:06,Wendeline Josskoviz
lacinia eget tincidunt eget tempus vel pede morbi porttitor lorem id ligula suspendisse ornare consequat lectus in est risus auctor,Christiana,Chawkley,378138240-0,469.473,1172,2007,Russia,"[""molestie sed"",""lacus morbi"",""tincidunt eget"",""auctor"",""cras"",""mi"",""lorem"",""nulla"",""id sapien"",""turpis""]",2021-05-18 05:58:18,Christiana Chawkley
ut at dolor quis odio consequat varius integer ac leo pellentesque ultrices mattis,Archibold,Izhaky,987299470-6,983.907,1244,2011,Indonesia,"[""porta volutpat"",""vehicula consequat"",""aliquet"",""etiam"",""eu"",""justo"",""odio"",""convallis tortor"",""ac lobortis"",""sed nisl""]",2020-06-22 14:37:50,Archibold Izhaky
augue vestibulum rutrum rutrum neque aenean auctor gravida sem praesent id massa id nisl,Judi,Troyes,228980879-2,207.998,302,1992,Philippines,"[""velit"",""non mattis"",""purus"",""ipsum primis"",""in"",""mauris sit"",""aliquam"",""condimentum id"",""volutpat in"",""at diam""]",2020-09-04 16:57:26,Judi Troyes
in sagittis dui vel nisl duis ac,Emma,McWhinnie,561977276-4,704.766,501,2004,Philippines,"[""lectus pellentesque"",""pellentesque"",""est phasellus"",""turpis adipiscing"",""in"",""at"",""massa"",""sapien urna"",""ut"",""et""]",2020-09-13 11:44:07,Emma McWhinnie
tristique,Happy,Tryhorn,371619149-3,772.792,329,2007,Brazil,"[""morbi"",""nisi venenatis"",""cras mi"",""nisi"",""amet sapien"",""venenatis turpis"",""tincidunt"",""eleifend"",""quis"",""vel""]",2021-05-21 09:11:52,Happy Tryhorn
a odio in hac habitasse platea dictumst maecenas ut massa quis augue luctus tincidunt nulla,Pepito,Gawthorp,983396469-9,953.483,1015,1985,Venezuela,"[""sit amet"",""placerat ante"",""porta"",""odio justo"",""lobortis convallis"",""faucibus accumsan"",""ut at"",""quis orci"",""donec"",""cras""]",2020-11-01 05:28:20,Pepito Gawthorp
commodo vulputate justo in blandit ultrices enim lorem ipsum dolor sit amet consectetuer adipiscing elit proin interdum,Cull,Dytham,062448346-0,880.094,1589,1988,Bangladesh,"[""at dolor"",""interdum"",""cras in"",""tortor"",""scelerisque"",""eleifend pede"",""at lorem"",""nulla"",""lectus"",""nam""]",2020-07-04 01:54:12,Cull Dytham
sapien iaculis congue vivamus metus arcu adipiscing molestie hendrerit at,Bidget,Birchill,997794780-5,66.358,1622,1997,France,"[""pede"",""integer aliquet"",""ut tellus"",""metus"",""dui"",""auctor"",""ultrices"",""in"",""morbi"",""curabitur in""]",2020-07-21 06:21:52,Bidget Birchill
nulla facilisi cras,Amalle,Huot,503378654-7,116.154,280,2011,Sweden,"[""risus"",""ornare consequat"",""luctus"",""luctus rutrum"",""eget"",""urna pretium"",""in"",""fusce congue"",""odio condimentum"",""turpis""]",2020-12-03 15:02:42,Amalle Huot
sed sagittis nam congue risus semper porta volutpat quam pede lobortis ligula sit amet eleifend pede libero quis,Wyndham,Kingsley,013451925-6,10.494,722,2004,France,"[""enim"",""tincidunt"",""consequat varius"",""augue vestibulum"",""tincidunt"",""fermentum"",""eget"",""sapien"",""sed justo"",""rhoncus""]",2020-10-09 02:17:05,Wyndham Kingsley
at nibh in hac habitasse platea dictumst aliquam augue quam sollicitudin vitae consectetuer,Fredek,Boas,814680482-9,666.814,1404,2011,Portugal,"[""maecenas tristique"",""tincidunt eget"",""potenti"",""sodales sed"",""sollicitudin mi"",""tortor"",""consectetuer"",""ligula"",""nunc donec"",""posuere metus""]",2021-06-01 11:00:11,Fredek Boas
elementum eu interdum eu tincidunt in leo maecenas pulvinar lobortis est phasellus sit amet erat nulla tempus vivamus in,Darb,Gosnall,629593638-5,908.724,832,1992,France,"[""lacus"",""in quam"",""quisque id"",""nam"",""pretium nisl"",""dapibus dolor"",""proin"",""felis ut"",""nunc"",""a libero""]",2020-06-27 05:26:57,Darb Gosnall
neque sapien placerat ante nulla justo aliquam quis turpis eget elit sodales scelerisque mauris sit amet,Tatiana,Bonniface,036389441-1,192.138,685,1987,Yemen,"[""faucibus orci"",""lacus"",""id"",""sed interdum"",""sapien cum"",""donec"",""fringilla"",""nunc vestibulum"",""proin eu"",""platea dictumst""]",2021-02-20 03:21:59,Tatiana Bonniface
primis in faucibus orci luctus et ultrices posuere cubilia curae nulla dapibus dolor vel est donec odio justo sollicitudin ut,Vaughn,Ells,478716747-2,750.048,1464,2010,Czech Republic,"[""purus aliquet"",""egestas metus"",""ultrices"",""felis fusce"",""eleifend"",""nullam porttitor"",""imperdiet et"",""in lectus"",""tellus"",""non lectus""]",2021-06-03 01:53:17,Vaughn Ells
in libero ut massa,Hillery,Prozillo,931701200-0,840.155,1179,1993,Russia,"[""in tempor"",""amet eros"",""posuere"",""in congue"",""id"",""donec"",""placerat"",""vestibulum ante"",""massa tempor"",""enim""]",2020-11-27 23:50:16,Hillery Prozillo
porttitor pede,Care,Roscher,740254312-9,362.712,1016,2011,China,"[""lobortis ligula"",""nec condimentum"",""magna"",""at turpis"",""interdum"",""ut suscipit"",""non"",""sit amet"",""pede ullamcorper"",""integer pede""]",2020-06-27 06:09:09,Care Roscher
proin leo odio porttitor id consequat in,Candi,Imloch,305803713-9,911.239,328,1995,Poland,"[""eleifend"",""iaculis"",""sapien iaculis"",""lectus"",""rutrum nulla"",""duis ac"",""mollis molestie"",""vitae"",""nunc vestibulum"",""nulla integer""]",2021-05-07 12:43:55,Candi Imloch
eu interdum eu tincidunt in leo maecenas pulvinar lobortis est phasellus sit amet,Annemarie,Kervin,133811364-X,172.646,34,2010,China,"[""non velit"",""pede"",""a suscipit"",""etiam faucibus"",""volutpat"",""metus vitae"",""nec condimentum"",""nam"",""habitasse"",""vel lectus""]",2020-08-11 09:13:11,Annemarie Kervin
leo odio condimentum id luctus nec molestie sed justo pellentesque viverra pede ac diam cras pellentesque volutpat dui maecenas tristique,Margie,Latek,964632142-9,65.769,494,2005,Dominican Republic,"[""morbi"",""nulla"",""diam in"",""in"",""vivamus vestibulum"",""vestibulum aliquet"",""nisi venenatis"",""lorem"",""sed"",""quis orci""]",2021-04-09 14:45:52,Margie Latek
duis aliquam convallis nunc proin at turpis a pede posuere nonummy integer non,Dimitry,Pignon,882597687-9,170.498,705,2007,China,"[""vitae ipsum"",""gravida sem"",""et magnis"",""aliquam"",""montes"",""ultrices"",""pellentesque"",""in imperdiet"",""consequat varius"",""convallis tortor""]",2020-10-08 01:44:39,Dimitry Pignon
vestibulum ac est lacinia nisi venenatis tristique fusce congue diam id ornare imperdiet sapien urna pretium nisl ut,Biddie,Palfrey,822656974-5,909.414,247,2006,Indonesia,"[""tempus semper"",""duis bibendum"",""lacinia nisi"",""diam"",""non"",""nulla ac"",""felis"",""diam"",""ut"",""nec""]",2020-10-28 09:27:15,Biddie Palfrey
quam,Madelyn,Barde,672600056-1,228.047,1466,2003,China,"[""lectus in"",""mauris"",""pede justo"",""fusce congue"",""morbi a"",""rutrum"",""donec"",""vestibulum sed"",""maecenas pulvinar"",""luctus et""]",2021-04-26 16:26:44,Madelyn Barde
sit amet sapien dignissim vestibulum vestibulum ante ipsum primis in faucibus orci luctus,Jeannine,Lofts,998759709-2,354.246,283,1997,Brazil,"[""aliquet massa"",""sodales"",""aliquam quis"",""curabitur convallis"",""ac"",""nibh"",""dapibus"",""lorem"",""ornare imperdiet"",""est donec""]",2020-11-16 13:07:36,Jeannine Lofts
velit vivamus vel nulla eget eros elementum pellentesque quisque porta volutpat erat quisque erat,Tibold,Stork,838955181-0,795.476,1811,2005,Portugal,"[""a"",""dictumst maecenas"",""nibh"",""nulla"",""eget"",""convallis tortor"",""integer"",""et eros"",""aenean lectus"",""nec""]",2020-10-10 11:55:40,Tibold Stork
consequat ut nulla,Gardy,Scarre,136380038-8,943.62,395,2001,Indonesia,"[""in eleifend"",""est donec"",""in"",""quisque arcu"",""parturient"",""proin risus"",""vitae"",""molestie sed"",""rhoncus"",""fusce""]",2020-08-15 23:53:39,Gardy Scarre
pellentesque viverra pede ac diam cras pellentesque volutpat dui maecenas tristique est et tempus semper est,Desmond,Hassekl,666768764-0,97.885,301,1999,Macedonia,"[""morbi"",""natoque"",""ante ipsum"",""odio"",""vestibulum"",""suspendisse"",""consequat"",""nunc"",""aenean"",""quisque""]",2021-03-02 10:38:06,Desmond Hassekl
congue eget semper rutrum nulla nunc purus phasellus in felis donec semper sapien,Jena,Flisher,316741464-2,85.107,1631,1993,Niger,"[""ut erat"",""urna ut"",""leo"",""ut dolor"",""quisque"",""nisi volutpat"",""dignissim"",""turpis elementum"",""turpis donec"",""ultrices""]",2021-05-13 01:44:14,Jena Flisher
elit proin risus praesent,Tabbie,Collimore,774192099-5,444.452,1375,1993,Portugal,"[""lacus"",""blandit"",""libero ut"",""natoque penatibus"",""in purus"",""eget nunc"",""at"",""et eros"",""justo"",""aenean""]",2021-02-27 01:15:55,Tabbie Collimore
felis eu sapien,Marvin,Langthorne,942505269-7,55.227,1849,1992,China,"[""rhoncus aliquet"",""neque"",""sed augue"",""lorem"",""lectus in"",""in porttitor"",""duis"",""posuere nonummy"",""sagittis"",""commodo placerat""]",2021-02-02 07:48:46,Marvin Langthorne
natoque penatibus et magnis dis parturient montes nascetur ridiculus,Silvie,Berridge,675999157-5,324.909,1826,1998,Czech Republic,"[""id"",""ac tellus"",""placerat"",""in quam"",""a"",""ac est"",""in hac"",""ut"",""id"",""eros""]",2020-07-01 09:25:18,Silvie Berridge
ridiculus mus vivamus vestibulum sagittis sapien cum,Averil,Grinston,046109777-X,940.011,1073,1969,Mexico,"[""dolor quis"",""maecenas ut"",""quam turpis"",""nisi eu"",""ipsum"",""luctus cum"",""orci luctus"",""mauris"",""pede"",""donec vitae""]",2021-02-26 04:25:45,Averil Grinston
nisl ut,Ester,Warret,202341027-4,523.156,449,2007,Indonesia,"[""ultrices libero"",""rhoncus"",""vestibulum eget"",""turpis"",""tellus semper"",""maecenas"",""semper est"",""habitasse"",""velit vivamus"",""purus""]",2021-01-19 08:53:02,Ester Warret
justo nec,Humfried,MacInerney,781649053-4,193.023,148,1992,Russia,"[""ultrices mattis"",""commodo"",""eget rutrum"",""condimentum neque"",""ut"",""scelerisque"",""mi"",""morbi porttitor"",""imperdiet"",""amet diam""]",2021-05-01 23:52:44,Humfried MacInerney
turpis donec posuere,Lib,Courtman,482521524-6,992.39,867,2012,Estonia,"[""id lobortis"",""ac"",""nulla sed"",""curae"",""platea dictumst"",""dui"",""ut"",""placerat"",""est"",""ultricies eu""]",2020-07-09 19:58:09,Lib Courtman
eu tincidunt in leo,Niko,Francecione,578727884-4,397.33,1224,2008,Ukraine,"[""in"",""ac"",""et"",""et"",""vel sem"",""mauris lacinia"",""lectus"",""ultricies eu"",""convallis"",""id""]",2020-07-11 12:25:03,Niko Francecione
rutrum at lorem,Heddi,Sexten,254767562-5,420.181,1945,2000,Poland,"[""dis parturient"",""consectetuer"",""congue eget"",""in quis"",""maecenas pulvinar"",""sem duis"",""velit"",""quis"",""turpis elementum"",""blandit""]",2020-10-19 15:45:54,Heddi Sexten
tortor quis turpis sed ante vivamus tortor duis mattis egestas metus aenean fermentum donec ut mauris eget massa tempor,Ruby,Maydway,956234428-2,96.88,795,2009,Czech Republic,"[""vel accumsan"",""lacinia"",""libero"",""ultrices libero"",""sit"",""aliquet"",""leo odio"",""pede ac"",""eros vestibulum"",""vel""]",2021-04-27 06:14:47,Ruby Maydway
tempus sit amet sem fusce consequat nulla nisl nunc,Hermine,Wollard,310752294-5,111.82,747,2007,China,"[""maecenas"",""libero nullam"",""posuere cubilia"",""erat"",""odio"",""quam pede"",""consequat"",""sapien cum"",""morbi non"",""pede""]",2021-05-18 11:56:11,Hermine Wollard
vulputate vitae nisl aenean lectus pellentesque eget nunc donec quis orci eget,Livvyy,Harker,951669238-9,79.853,701,1997,Portugal,"[""eget"",""eget congue"",""phasellus id"",""luctus tincidunt"",""eleifend"",""turpis eget"",""a libero"",""nisl"",""a nibh"",""tempor convallis""]",2020-11-24 17:59:21,Livvyy Harker
sapien cum sociis natoque penatibus et magnis dis parturient montes nascetur ridiculus,Lucien,Dauney,441328359-7,762.638,1321,2004,Greece,"[""mi pede"",""est"",""integer aliquet"",""non mi"",""interdum"",""condimentum curabitur"",""ligula nec"",""blandit"",""commodo"",""nisl""]",2020-10-31 03:36:30,Lucien Dauney
eget eleifend luctus ultricies eu nibh quisque id justo sit amet sapien dignissim vestibulum vestibulum ante ipsum primis in faucibus,Martguerita,Barnwille,061802407-7,37.592,55,2009,Greece,"[""donec diam"",""habitasse"",""sed tristique"",""in"",""ac est"",""sed nisl"",""sapien"",""amet justo"",""consequat morbi"",""odio donec""]",2020-10-24 05:48:38,Martguerita Barnwille
natoque penatibus et magnis dis,Crissie,Purse,827954841-6,151.06,1780,2003,Nigeria,"[""vestibulum"",""et ultrices"",""felis"",""at turpis"",""in"",""mi"",""quisque"",""vestibulum"",""ut dolor"",""id sapien""]",2021-02-25 12:58:28,Crissie Purse
eros viverra eget congue eget semper rutrum nulla nunc purus phasellus in felis donec semper sapien a,Phillie,Danieli,568314930-4,881.518,1993,2005,Venezuela,"[""vulputate"",""natoque"",""fermentum justo"",""consequat varius"",""amet consectetuer"",""sollicitudin"",""porttitor"",""rhoncus"",""pretium"",""sem""]",2021-05-22 02:06:01,Phillie Danieli
dui vel nisl duis ac nibh fusce lacus purus aliquet at feugiat,Ellene,Audibert,751199751-1,61.851,100,1995,China,"[""posuere nonummy"",""tempus vel"",""nulla"",""sed augue"",""sapien cursus"",""praesent"",""lorem"",""urna"",""vel"",""praesent id""]",2020-07-24 13:24:35,Ellene Audibert
at velit vivamus vel nulla eget eros,Kaile,Havercroft,970352989-5,677.201,1005,2009,China,"[""leo"",""dolor vel"",""praesent blandit"",""augue a"",""nulla sed"",""elementum"",""nisl aenean"",""massa"",""condimentum"",""hac""]",2021-02-12 12:31:20,Kaile Havercroft
praesent blandit nam nulla integer pede justo lacinia eget tincidunt eget tempus,Kendal,Casey,551817725-9,474.019,240,2008,Brazil,"[""nisl aenean"",""convallis eget"",""magna at"",""vestibulum sit"",""donec dapibus"",""odio cras"",""justo sit"",""nibh"",""nibh"",""orci luctus""]",2020-08-13 12:08:58,Kendal Casey
pellentesque ultrices phasellus id sapien in sapien iaculis congue vivamus metus arcu adipiscing molestie hendrerit,Blakelee,Jori,051029536-3,377.743,521,1998,Indonesia,"[""turpis"",""luctus rutrum"",""non"",""rutrum at"",""quis turpis"",""blandit non"",""elementum"",""vivamus"",""odio porttitor"",""platea dictumst""]",2021-03-02 00:46:09,Blakelee Jori
tortor duis mattis egestas metus aenean fermentum donec ut mauris eget massa tempor,Melamie,Aistrop,598714322-5,908.438,995,2010,Russia,"[""tortor"",""eleifend luctus"",""tempor"",""justo sit"",""diam cras"",""diam in"",""pellentesque"",""quam"",""sem"",""ante""]",2021-02-04 12:09:37,Melamie Aistrop
nisi at nibh in hac habitasse platea dictumst aliquam,Verge,Zanni,869045827-1,882.855,475,2008,South Africa,"[""nascetur"",""in"",""velit"",""et"",""non"",""tortor"",""nulla suscipit"",""montes"",""sed"",""etiam vel""]",2021-06-01 08:27:33,Verge Zanni
massa id nisl venenatis lacinia aenean sit amet,Felicia,Phebee,354811277-3,318.763,1459,2009,Argentina,"[""consectetuer"",""amet lobortis"",""turpis a"",""sit"",""erat eros"",""metus aenean"",""ultrices"",""quisque"",""nec nisi"",""mauris""]",2020-08-26 05:05:00,Felicia Phebee
porttitor,Eldin,Sopper,413046773-5,198.704,1812,2000,Philippines,"[""sollicitudin"",""eget"",""augue"",""sit amet"",""quis"",""ante"",""et"",""pede morbi"",""penatibus"",""platea dictumst""]",2020-07-18 20:18:56,Eldin Sopper
convallis eget eleifend luctus ultricies eu,Elsinore,Oen,530448825-3,653.017,1128,2011,Indonesia,"[""faucibus"",""vestibulum vestibulum"",""libero rutrum"",""nulla integer"",""morbi odio"",""maecenas ut"",""enim lorem"",""mauris morbi"",""semper est"",""donec vitae""]",2021-01-13 15:03:06,Elsinore Oen
odio cras mi pede malesuada in imperdiet et commodo vulputate justo in blandit,Coletta,Blinckhorne,881688971-3,338.217,1891,2008,Indonesia,"[""nisl"",""massa"",""ac nibh"",""aenean"",""rhoncus"",""nulla"",""sagittis"",""sit amet"",""pulvinar"",""sapien in""]",2020-07-15 01:29:11,Coletta Blinckhorne
lectus in est risus auctor sed tristique in tempus sit amet sem fusce consequat nulla nisl nunc nisl,Clemmie,Gorstidge,593671688-0,447.977,1286,1995,China,"[""tincidunt"",""vulputate"",""donec"",""ac leo"",""cursus"",""quam"",""ultrices erat"",""dui vel"",""velit vivamus"",""sem sed""]",2020-08-14 23:07:40,Clemmie Gorstidge
pretium iaculis justo in hac habitasse platea dictumst etiam faucibus,Homer,Darey,329807726-7,501.939,198,2012,China,"[""vestibulum ante"",""duis ac"",""hendrerit"",""interdum"",""erat"",""morbi"",""magna at"",""nec sem"",""praesent"",""laoreet""]",2021-02-16 09:06:43,Homer Darey
sit amet lobortis sapien sapien non mi integer ac neque duis bibendum morbi non quam,Mikey,Schole,681928048-3,171.02,1801,2002,Greece,"[""eget"",""pellentesque ultrices"",""lacus at"",""quis"",""nisi vulputate"",""velit id"",""at"",""ut dolor"",""varius"",""in sapien""]",2021-02-02 17:12:53,Mikey Schole
dui vel sem sed sagittis nam congue,Marielle,Defraine,341802340-1,481.34,585,2012,Bolivia,"[""aliquet"",""donec"",""odio consequat"",""nisi"",""tincidunt"",""tortor"",""erat"",""id justo"",""duis ac"",""neque vestibulum""]",2020-12-18 07:22:30,Marielle Defraine
tortor risus dapibus augue vel accumsan tellus nisi eu orci mauris lacinia sapien quis libero nullam sit,Abbie,Tixier,701151488-0,40.555,220,2004,China,"[""lacinia eget"",""nunc rhoncus"",""rhoncus dui"",""condimentum id"",""nulla elit"",""maecenas"",""ut blandit"",""laoreet"",""cras"",""nulla quisque""]",2020-11-26 11:10:45,Abbie Tixier
urna ut tellus nulla ut erat id mauris vulputate elementum nullam varius nulla facilisi cras,Margie,Cordoba,116725397-3,883.51,98,1997,China,"[""curae"",""orci"",""at ipsum"",""porta volutpat"",""massa"",""posuere"",""rhoncus mauris"",""id"",""volutpat"",""sem mauris""]",2020-08-26 04:52:33,Margie Cordoba
ac consequat metus sapien ut nunc vestibulum ante ipsum primis in faucibus orci,Briana,Church,733738902-7,853.769,1037,2005,Mexico,"[""a ipsum"",""pellentesque viverra"",""sed sagittis"",""ac enim"",""sit amet"",""lobortis"",""accumsan"",""diam"",""nonummy integer"",""augue vestibulum""]",2021-05-05 14:37:18,Briana Church
sit amet eleifend pede libero quis orci nullam molestie nibh,Kessia,Frodsham,238440119-X,720.92,1207,2013,China,"[""magnis dis"",""semper interdum"",""quam"",""faucibus orci"",""nulla"",""elit ac"",""est phasellus"",""nascetur ridiculus"",""cum sociis"",""curabitur""]",2020-06-11 17:23:42,Kessia Frodsham
pretium iaculis justo in hac habitasse platea dictumst etiam faucibus cursus urna ut tellus nulla ut erat,Oran,McGowran,993503161-6,431.57,1888,2000,Poland,"[""justo"",""congue elementum"",""nibh in"",""lorem"",""elementum"",""luctus"",""nullam molestie"",""phasellus"",""turpis"",""volutpat convallis""]",2021-05-05 05:47:50,Oran McGowran
habitasse platea dictumst morbi vestibulum velit id pretium iaculis diam erat fermentum justo nec condimentum neque sapien,Verina,Croad,318191287-5,947.603,870,2009,China,"[""erat"",""nisl"",""gravida"",""non"",""magna"",""viverra diam"",""vestibulum ante"",""ut tellus"",""consequat metus"",""nullam""]",2021-04-04 23:22:38,Verina Croad
at turpis donec posuere,Janot,Tolan,832717487-8,968.013,1217,2007,China,"[""quisque"",""nulla justo"",""ipsum"",""rutrum"",""eu orci"",""vivamus in"",""lectus pellentesque"",""in"",""eget"",""pede""]",2020-07-19 06:29:12,Janot Tolan
purus eu magna vulputate luctus cum sociis natoque penatibus et magnis dis parturient montes,Amalee,Lawrey,768652972-X,577.865,1864,1995,Iran,"[""purus"",""morbi"",""enim"",""et ultrices"",""vel augue"",""rhoncus sed"",""sem"",""tortor"",""a"",""dui luctus""]",2021-01-04 04:18:35,Amalee Lawrey
augue vestibulum ante ipsum primis in faucibus orci luctus et ultrices posuere cubilia curae donec pharetra magna vestibulum aliquet,Davy,Lensch,562903188-0,257.269,1808,2004,Poland,"[""ante"",""lobortis"",""eget"",""cubilia"",""mi sit"",""phasellus"",""rutrum"",""tellus nisi"",""ut"",""amet""]",2021-04-05 19:39:14,Davy Lensch
mi integer ac,Kathe,Patershall,820612652-X,378.897,1856,2006,United States,"[""nullam"",""neque"",""nascetur ridiculus"",""vel"",""quam"",""ut volutpat"",""etiam pretium"",""duis bibendum"",""quam"",""integer ac""]",2020-12-14 03:31:51,Kathe Patershall
donec odio justo sollicitudin ut suscipit a,Euell,Reeder,390910616-1,203.54,1798,1986,Pakistan,"[""consectetuer"",""phasellus"",""in"",""viverra diam"",""ac"",""aenean lectus"",""et"",""ac"",""dapibus augue"",""consectetuer""]",2020-06-27 02:56:13,Euell Reeder
sit amet consectetuer adipiscing elit proin interdum mauris non ligula pellentesque ultrices phasellus id sapien,Moishe,Kauffman,078456701-8,738.538,524,2006,Greece,"[""vestibulum ante"",""quam nec"",""aliquam non"",""augue vel"",""tincidunt ante"",""blandit lacinia"",""ut"",""luctus"",""posuere"",""erat""]",2020-09-20 02:12:32,Moishe Kauffman
faucibus cursus urna ut tellus nulla ut erat id mauris vulputate elementum nullam varius nulla,Valentin,Winman,998387174-2,862.069,1456,2005,China,"[""ut"",""sit"",""sed"",""augue"",""habitasse platea"",""nibh"",""velit vivamus"",""magna"",""suspendisse"",""commodo""]",2020-12-14 23:37:46,Valentin Winman
consequat morbi a ipsum integer a nibh in quis justo maecenas rhoncus,Alexei,Langtree,131055784-5,591.258,290,1998,Russia,"[""ornare consequat"",""donec"",""ac leo"",""aliquam"",""ultrices posuere"",""pellentesque eget"",""cubilia"",""justo"",""mi sit"",""platea""]",2020-11-17 17:26:16,Alexei Langtree
lacinia aenean sit amet justo morbi ut odio cras mi pede malesuada in imperdiet et,Sharia,Paffley,038140787-X,492.365,395,2010,Brazil,"[""sodales"",""aliquam lacus"",""rutrum at"",""est phasellus"",""lorem"",""ac enim"",""tincidunt ante"",""ipsum primis"",""nulla sed"",""morbi vestibulum""]",2021-04-27 03:10:59,Sharia Paffley
vestibulum sed magna at nunc commodo placerat,Juditha,Zywicki,679584077-8,665.499,1170,2011,Brazil,"[""vulputate"",""rhoncus aliquet"",""nullam sit"",""dui maecenas"",""purus aliquet"",""vivamus tortor"",""pellentesque"",""suscipit nulla"",""venenatis"",""vulputate""]",2021-01-25 12:23:39,Juditha Zywicki
ac enim in tempor turpis nec euismod scelerisque quam turpis adipiscing lorem vitae,Desmund,Crocroft,714003927-5,162.729,1621,2010,Vietnam,"[""non"",""massa"",""quisque porta"",""vestibulum ante"",""condimentum id"",""sit"",""hac habitasse"",""id lobortis"",""vestibulum ante"",""curabitur at""]",2021-03-17 01:58:53,Desmund Crocroft
dolor sit amet consectetuer adipiscing elit proin risus praesent lectus,Joyann,Mussalli,755821524-2,393.748,827,1994,Finland,"[""nunc nisl"",""consequat ut"",""nulla nunc"",""volutpat erat"",""sit amet"",""nullam porttitor"",""sagittis sapien"",""cum"",""nullam sit"",""quisque arcu""]",2020-11-13 03:09:59,Joyann Mussalli
natoque penatibus et,Benjamen,Bovey,243092894-9,76.006,892,1995,Indonesia,"[""massa"",""a libero"",""mattis"",""in"",""id nisl"",""praesent"",""erat"",""lectus suspendisse"",""in blandit"",""lacinia sapien""]",2020-08-30 14:00:40,Benjamen Bovey
adipiscing elit proin risus praesent,Aimil,Kreutzer,846494189-7,969.432,1463,2012,Indonesia,"[""vestibulum ante"",""ac"",""varius"",""justo in"",""odio"",""porta volutpat"",""vivamus in"",""sed lacus"",""fusce"",""volutpat dui""]",2020-10-28 03:13:41,Aimil Kreutzer
dis parturient montes nascetur ridiculus mus vivamus vestibulum sagittis sapien,Lincoln,Roth,583214966-1,715.252,614,1986,United States,"[""congue"",""etiam pretium"",""faucibus"",""etiam faucibus"",""quis"",""at"",""natoque penatibus"",""ut nulla"",""sapien dignissim"",""mi""]",2021-04-08 06:55:09,Lincoln Roth
pharetra magna ac consequat metus sapien ut nunc vestibulum ante ipsum primis in faucibus orci luctus et,Robby,Snoxill,443529365-X,199.58,544,2006,Philippines,"[""potenti"",""volutpat"",""id"",""tincidunt eu"",""mi in"",""id ornare"",""nulla suspendisse"",""lorem vitae"",""nulla"",""condimentum neque""]",2020-10-27 09:46:06,Robby Snoxill
etiam vel augue vestibulum rutrum rutrum,Alane,Volks,709881911-5,367.452,1722,2007,Vietnam,"[""amet cursus"",""congue etiam"",""turpis"",""morbi"",""justo"",""id nulla"",""aliquam"",""ridiculus"",""etiam vel"",""at nunc""]",2021-04-26 08:32:39,Alane Volks
pede morbi porttitor lorem id ligula suspendisse ornare consequat lectus in est,Celeste,Boncore,750121226-0,832.047,1581,1990,Philippines,"[""sapien"",""dolor"",""vel ipsum"",""quis"",""in faucibus"",""rhoncus"",""vitae consectetuer"",""rutrum ac"",""elementum"",""erat fermentum""]",2021-03-08 20:56:37,Celeste Boncore
nulla neque libero convallis eget eleifend luctus ultricies eu nibh quisque id,Phyllys,Ruecastle,294111941-8,183.971,929,1992,Brazil,"[""eros vestibulum"",""blandit lacinia"",""pede ac"",""penatibus"",""mi nulla"",""rhoncus"",""id"",""odio condimentum"",""neque aenean"",""donec""]",2021-05-23 05:15:06,Phyllys Ruecastle
vestibulum quam sapien varius ut blandit non interdum in ante vestibulum ante ipsum primis in faucibus orci luctus,Lea,Boreham,034383993-8,619.328,1957,1994,Argentina,"[""id"",""bibendum felis"",""in felis"",""ultrices"",""nisl"",""volutpat"",""ut"",""gravida sem"",""duis mattis"",""nec""]",2020-06-15 17:50:18,Lea Boreham
ut mauris eget massa tempor convallis nulla neque libero convallis eget eleifend luctus ultricies eu nibh quisque id justo sit,Fredra,Giovannelli,053203026-5,297.505,80,2006,Norway,"[""lobortis sapien"",""leo"",""proin leo"",""neque vestibulum"",""pede"",""nullam porttitor"",""nec"",""ante"",""lacus"",""sed""]",2020-11-28 12:13:25,Fredra Giovannelli
ipsum aliquam non mauris morbi non lectus aliquam sit,Rupert,Jakovijevic,304807181-4,274.488,281,2005,China,"[""orci luctus"",""congue"",""sit amet"",""at lorem"",""ipsum"",""venenatis non"",""feugiat non"",""nulla tempus"",""ipsum primis"",""varius""]",2021-04-11 22:19:25,Rupert Jakovijevic
mauris non ligula pellentesque,Debora,Sugge,660730568-7,820.844,932,1997,Poland,"[""ut"",""vestibulum quam"",""et"",""justo sit"",""nascetur"",""porttitor"",""molestie nibh"",""rhoncus"",""luctus tincidunt"",""tellus""]",2020-09-16 05:07:17,Debora Sugge
curabitur convallis duis consequat dui nec nisi volutpat eleifend donec ut dolor morbi vel lectus in quam fringilla,Nancy,Stonbridge,290202342-1,77.084,1236,2010,Japan,"[""justo lacinia"",""sit amet"",""vulputate justo"",""dui"",""non"",""habitasse"",""eu"",""risus"",""vestibulum"",""massa""]",2020-11-15 00:57:10,Nancy Stonbridge
non,Gretal,Bagnall,055955806-6,927.376,1303,2002,Philippines,"[""tempus"",""justo eu"",""varius"",""ridiculus"",""nisl aenean"",""diam"",""neque"",""elementum"",""tincidunt eu"",""sollicitudin ut""]",2020-07-23 07:01:47,Gretal Bagnall
aliquam quis turpis eget elit sodales scelerisque mauris sit amet eros suspendisse accumsan,Ekaterina,Birdwistle,460050502-6,429.313,1077,1995,Russia,"[""elit proin"",""mauris lacinia"",""at vulputate"",""lectus pellentesque"",""vestibulum ante"",""blandit mi"",""hac"",""convallis tortor"",""in"",""luctus et""]",2020-12-03 08:17:04,Ekaterina Birdwistle
quam suspendisse potenti nullam porttitor lacus at turpis donec posuere metus vitae ipsum aliquam,Alvin,Caveill,399054940-5,716.974,645,2011,Guatemala,"[""eu"",""et"",""in"",""pede"",""interdum"",""massa id"",""odio"",""maecenas"",""augue vel"",""nam nulla""]",2020-09-13 08:33:58,Alvin Caveill
id ligula suspendisse ornare consequat lectus in est risus auctor sed tristique,Louisette,Oger,231399154-7,369.859,685,2009,Greece,"[""eu"",""nam"",""pellentesque"",""amet diam"",""rhoncus"",""ligula"",""consectetuer eget"",""est"",""curae"",""et""]",2021-03-01 01:44:56,Louisette Oger
maecenas tincidunt lacus at velit vivamus vel nulla eget,Roseanne,Rusted,923406025-3,445.523,1810,1992,Czech Republic,"[""est congue"",""integer aliquet"",""non"",""libero"",""eget"",""volutpat"",""risus semper"",""et"",""erat"",""proin""]",2020-08-14 15:35:08,Roseanne Rusted
non lectus aliquam sit amet diam in magna bibendum imperdiet nullam orci pede venenatis,Leeann,Lafont,034363701-4,471.169,584,1986,Indonesia,"[""amet"",""donec"",""aenean fermentum"",""sapien cum"",""bibendum"",""in"",""ut erat"",""ante vel"",""felis sed"",""nisi""]",2021-01-05 13:08:21,Leeann Lafont
justo pellentesque viverra pede ac,Gaye,Boughton,105464225-7,808.809,1309,2010,Spain,"[""platea"",""aliquam non"",""proin"",""primis in"",""viverra diam"",""primis"",""ipsum primis"",""ut rhoncus"",""sit"",""nulla nunc""]",2021-06-04 02:33:22,Gaye Boughton
porttitor lorem id ligula suspendisse ornare consequat lectus in est,Jessika,Gulliver,944555762-X,866.938,351,2012,Ukraine,"[""sit"",""auctor"",""facilisi"",""eros"",""quis turpis"",""ultrices aliquet"",""vel"",""sed vestibulum"",""diam"",""in""]",2020-12-29 23:05:05,Jessika Gulliver
ornare consequat lectus in est risus auctor sed tristique in tempus sit amet sem fusce consequat nulla nisl nunc,Layton,Teissier,862285359-4,260.508,727,1988,Canada,"[""non"",""risus"",""pharetra"",""nisi"",""cubilia curae"",""vestibulum velit"",""posuere cubilia"",""at"",""orci"",""in""]",2021-01-22 02:59:29,Layton Teissier
amet lobortis sapien sapien non mi integer ac,Cordie,Amdohr,597025228-X,28.001,1756,2009,Mauritius,"[""id"",""pede justo"",""vivamus metus"",""nunc"",""orci pede"",""diam"",""in"",""ut dolor"",""id"",""neque""]",2021-05-07 04:40:24,Cordie Amdohr
hac habitasse platea dictumst maecenas ut massa quis augue luctus tincidunt nulla mollis molestie lorem quisque ut erat curabitur,Brett,Manklow,396605600-3,596.201,573,1992,Trinidad and Tobago,"[""tellus"",""pharetra magna"",""rhoncus aliquam"",""ligula"",""adipiscing lorem"",""nullam varius"",""sagittis sapien"",""nec nisi"",""commodo"",""massa""]",2021-05-27 17:51:37,Brett Manklow
ridiculus mus etiam vel augue vestibulum rutrum rutrum,Pete,Burnel,686421721-3,23.514,1407,2007,Kenya,"[""purus sit"",""sapien non"",""magna vulputate"",""neque libero"",""rhoncus"",""congue"",""sit"",""mattis pulvinar"",""non"",""platea""]",2020-12-16 11:11:28,Pete Burnel
parturient montes nascetur ridiculus mus vivamus vestibulum sagittis sapien cum,Wallace,Schimmang,513455715-2,893.257,1607,2005,Ghana,"[""id turpis"",""massa id"",""odio odio"",""lacus"",""eu"",""felis donec"",""eu pede"",""at"",""blandit mi"",""pellentesque""]",2021-05-15 02:39:55,Wallace Schimmang
mattis egestas metus aenean fermentum donec ut mauris eget massa tempor,Kristoforo,Gillbey,526514215-0,981.037,127,2005,Philippines,"[""id turpis"",""elementum in"",""quisque arcu"",""sit"",""magna"",""in"",""pharetra magna"",""massa"",""tristique"",""consectetuer""]",2021-05-22 13:31:59,Kristoforo Gillbey
orci pede venenatis non,Jo,Colman,689576167-5,896.893,1442,1993,Brazil,"[""vehicula condimentum"",""nonummy"",""curabitur"",""accumsan felis"",""ut"",""sed"",""sed augue"",""tempor turpis"",""nisi at"",""accumsan""]",2021-01-25 20:07:04,Jo Colman
parturient montes nascetur ridiculus mus vivamus vestibulum sagittis sapien cum sociis,Sayres,Headley,465802979-0,440.286,1373,2008,Bosnia and Herzegovina,"[""in"",""ac tellus"",""ipsum dolor"",""in"",""odio elementum"",""sit"",""sapien"",""curabitur at"",""augue vestibulum"",""semper""]",2020-10-21 20:47:02,Sayres Headley
dapibus dolor vel est donec odio justo sollicitudin ut suscipit,Eimile,Rycroft,371218409-3,586.822,1661,1999,Bosnia and Herzegovina,"[""eget"",""ante vestibulum"",""aliquet ultrices"",""viverra"",""pharetra"",""augue"",""nisl"",""pellentesque viverra"",""consequat"",""quis orci""]",2020-11-28 08:45:18,Eimile Rycroft
et magnis dis parturient montes nascetur ridiculus mus vivamus vestibulum sagittis,Ulick,Ascough,179946736-8,938.191,287,2011,France,"[""lectus in"",""ante"",""auctor"",""fermentum justo"",""natoque"",""integer aliquet"",""diam"",""maecenas"",""ipsum dolor"",""sociis""]",2021-04-30 13:16:01,Ulick Ascough
velit vivamus vel nulla eget eros elementum pellentesque quisque porta volutpat erat quisque erat eros viverra eget congue eget,Debor,Whyborn,585204717-1,807.52,1315,2006,Egypt,"[""pede malesuada"",""donec"",""nulla"",""massa quis"",""luctus"",""justo"",""lacus morbi"",""viverra pede"",""ullamcorper"",""ultrices erat""]",2020-10-19 17:26:58,Debor Whyborn
felis donec semper sapien a libero nam dui proin leo odio porttitor id consequat in consequat ut nulla sed,Herby,Kuzma,696044525-6,412.426,1084,1987,Dominican Republic,"[""non pretium"",""pellentesque"",""nullam"",""ac"",""curae"",""semper"",""sapien"",""suscipit"",""hac habitasse"",""consequat ut""]",2021-04-05 14:21:11,Herby Kuzma
