title,author_first,author_last,classify_ISBN,classify_DDC,pages,publish_date,country,tags,date_added,user
cubilia curae,Cloe,Seman,934867131-6,98.415,1010,1987,France,"[""massa"",""augue"",""eu"",""commodo placerat"",""placerat"",""nulla nisl"",""at velit"",""vestibulum ante"",""ac"",""convallis nulla""]",08/15/2020,Cloe Seman
convallis eget eleifend luctus ultricies eu,Koral,Mazzeo,352552916-3,408.068,1995,2003,Azerbaijan,"[""vestibulum ante"",""nam congue"",""rutrum"",""nam nulla"",""eget massa"",""nec sem"",""semper sapien"",""sem"",""non"",""nunc rhoncus""]",03/25/2021,Koral Mazzeo
suscipit a feugiat et eros vestibulum ac est lacinia nisi venenatis tristique fusce congue diam id ornare imperdiet,Cynthy,Smouten,640420494-0,740.291,1865,2010,Japan,"[""neque"",""ultrices posuere"",""posuere cubilia"",""nibh in"",""vivamus in"",""non sodales"",""odio justo"",""gravida"",""sit"",""eleifend pede""]",11/24/2020,Cynthy Smouten
nam ultrices,Hebert,Ebenezer,806781612-3,21.595,461,2004,China,"[""vestibulum vestibulum"",""scelerisque quam"",""molestie nibh"",""faucibus orci"",""pulvinar sed"",""mattis"",""natoque penatibus"",""curabitur"",""bibendum"",""nulla ac""]",05/06/2021,Hebert Ebenezer
nisi eu orci mauris lacinia sapien quis libero nullam sit amet,Kriste,Cherry Holme,614210744-7,804.805,513,2010,Indonesia,"[""aliquam"",""mauris"",""curabitur"",""consequat"",""faucibus"",""massa"",""at"",""enim"",""posuere cubilia"",""amet turpis""]",05/29/2021,Kriste Cherry Holme
non quam nec dui,Helen-elizabeth,Levey,322070794-7,110.302,1984,1993,Poland,"[""molestie"",""non ligula"",""velit eu"",""faucibus"",""ut"",""in felis"",""libero"",""eget"",""accumsan"",""placerat ante""]",02/11/2021,Helen-elizabeth Levey
luctus et ultrices,Emera,Szymanski,419065044-7,434.741,1961,2004,China,"[""varius"",""sem"",""tellus nisi"",""nulla"",""amet justo"",""augue a"",""in"",""ligula vehicula"",""non"",""lacinia sapien""]",10/21/2020,Emera Szymanski
ultrices libero non mattis pulvinar nulla pede ullamcorper augue a suscipit nulla elit ac nulla,Wallache,Sculpher,560200363-0,956.223,1075,1998,Poland,"[""cubilia curae"",""eleifend donec"",""eu"",""erat fermentum"",""nec nisi"",""fusce"",""neque"",""venenatis"",""non"",""nisi eu""]",09/25/2020,Wallache Sculpher
lobortis convallis tortor risus,Ciro,Avrahamoff,213989270-4,105.12,1102,2012,Thailand,"[""ligula"",""lacus curabitur"",""tempus"",""lacus"",""elementum ligula"",""integer ac"",""dolor morbi"",""at nunc"",""malesuada in"",""lacinia""]",08/23/2020,Ciro Avrahamoff
ante vestibulum ante ipsum primis in faucibus orci luctus et ultrices posuere cubilia curae duis faucibus accumsan odio,Desirae,Mobberley,852192128-4,170.775,503,2006,Argentina,"[""amet consectetuer"",""vestibulum aliquet"",""et ultrices"",""enim leo"",""praesent blandit"",""amet sem"",""duis at"",""sed vestibulum"",""lacinia nisi"",""volutpat erat""]",03/15/2021,Desirae Mobberley
massa donec dapibus duis at velit eu est congue elementum in hac habitasse platea dictumst morbi vestibulum velit,Berri,Renad,050912234-5,862.848,1726,1992,Luxembourg,"[""orci pede"",""quam sapien"",""porttitor"",""blandit"",""dolor sit"",""dui"",""eros"",""ligula"",""diam"",""phasellus in""]",09/04/2020,Berri Renad
orci pede venenatis non sodales sed tincidunt eu felis fusce posuere felis sed lacus morbi sem mauris laoreet,Terza,Stothert,058974098-9,374.01,717,2010,Dominican Republic,"[""iaculis"",""natoque penatibus"",""ultrices posuere"",""morbi ut"",""lacinia aenean"",""justo morbi"",""interdum mauris"",""duis"",""diam"",""sociis""]",11/04/2020,Terza Stothert
nisl nunc nisl duis bibendum felis,Pavel,Kempson,894146206-1,480.881,348,1992,Australia,"[""id"",""vehicula condimentum"",""augue"",""integer pede"",""arcu"",""in hac"",""ornare consequat"",""nonummy integer"",""vestibulum"",""odio condimentum""]",11/19/2020,Pavel Kempson
dis parturient montes nascetur ridiculus mus etiam vel augue vestibulum rutrum rutrum,Kathleen,McKinlay,216096302-X,101.083,1028,2011,France,"[""nulla"",""vel"",""lorem ipsum"",""tellus"",""mattis nibh"",""ipsum dolor"",""in tempor"",""condimentum id"",""convallis"",""suscipit nulla""]",06/21/2021,Kathleen McKinlay
vestibulum vestibulum ante,Ichabod,Silley,255631514-8,746.281,1335,1998,Afghanistan,"[""justo"",""luctus"",""sodales sed"",""non"",""lorem ipsum"",""luctus cum"",""odio donec"",""pede posuere"",""eget elit"",""morbi""]",04/15/2021,Ichabod Silley
non ligula,Nydia,Crowley,941945086-4,437.675,400,2004,China,"[""parturient"",""blandit"",""consequat ut"",""id"",""nonummy"",""libero quis"",""dolor quis"",""lacus"",""diam nam"",""lobortis""]",03/11/2021,Nydia Crowley
est phasellus sit amet erat nulla tempus vivamus in felis eu sapien cursus,Malissia,Waggitt,431202608-4,372.54,835,1998,China,"[""turpis sed"",""sit"",""nulla"",""accumsan"",""porttitor id"",""turpis"",""id ornare"",""vestibulum"",""odio curabitur"",""non lectus""]",03/23/2021,Malissia Waggitt
porttitor lacus at turpis donec posuere metus vitae ipsum aliquam non mauris morbi non,Mildrid,Siss,125344116-2,593.042,1891,1992,East Timor,"[""sapien in"",""sollicitudin mi"",""ultrices"",""mus vivamus"",""enim lorem"",""magna vestibulum"",""varius"",""dui vel"",""sodales sed"",""nisi""]",08/01/2020,Mildrid Siss
est et tempus semper est quam pharetra magna ac consequat metus sapien ut,Rickie,Fackrell,354195645-3,828.633,1906,1992,Thailand,"[""consectetuer adipiscing"",""in lectus"",""ridiculus mus"",""felis donec"",""at nunc"",""vel"",""quis"",""ac"",""consequat morbi"",""suscipit a""]",08/26/2020,Rickie Fackrell
cras in purus eu magna vulputate luctus,Nigel,Kemson,419196308-2,783.847,1658,2008,Martinique,"[""imperdiet et"",""ipsum"",""vestibulum sit"",""sit"",""tellus nulla"",""fusce congue"",""ut"",""consequat dui"",""cubilia curae"",""massa""]",02/17/2021,Nigel Kemson
tortor sollicitudin mi sit amet lobortis sapien sapien non mi integer ac neque duis bibendum morbi non quam,Sabina,Antonutti,359787457-6,764.778,689,1999,Syria,"[""ac neque"",""justo aliquam"",""molestie sed"",""sed justo"",""nulla"",""molestie nibh"",""congue"",""diam"",""luctus et"",""imperdiet et""]",03/26/2021,Sabina Antonutti
vulputate vitae nisl aenean lectus pellentesque eget nunc donec quis orci eget orci vehicula condimentum curabitur in libero ut,Giff,McLoughlin,647520939-2,770.875,1115,1999,China,"[""ante"",""in ante"",""condimentum"",""sapien"",""elit"",""ipsum integer"",""etiam vel"",""libero rutrum"",""maecenas leo"",""lectus""]",03/04/2021,Giff McLoughlin
elementum pellentesque quisque porta volutpat erat quisque erat eros viverra eget,Arley,Stonner,833997360-6,141.648,462,1997,China,"[""eu orci"",""quam pede"",""ut"",""nulla pede"",""elementum"",""sapien"",""etiam pretium"",""integer ac"",""id"",""sagittis""]",08/13/2020,Arley Stonner
curabitur at ipsum ac tellus,Thorndike,Wernher,225615187-5,28.621,3,2000,Philippines,"[""ut"",""sit"",""erat id"",""quis"",""etiam"",""sit"",""at"",""suscipit ligula"",""ut"",""posuere""]",01/06/2021,Thorndike Wernher
integer non velit donec diam neque vestibulum eget vulputate ut ultrices vel augue,Joli,Peckitt,297363585-3,258.101,1438,2008,Madagascar,"[""rutrum nulla"",""odio condimentum"",""mauris"",""praesent id"",""orci"",""nulla integer"",""lectus in"",""at lorem"",""imperdiet et"",""bibendum felis""]",07/12/2020,Joli Peckitt
vivamus in felis eu sapien,Kessiah,Greenstead,617449789-5,880.892,1371,2003,Indonesia,"[""ipsum dolor"",""in eleifend"",""tincidunt"",""at diam"",""lectus"",""tempor"",""justo"",""accumsan felis"",""ut"",""nibh""]",11/29/2020,Kessiah Greenstead
vel augue vestibulum ante ipsum primis in faucibus orci luctus et ultrices,Sarah,Waliszek,120948159-6,152.843,334,1979,Greece,"[""ante"",""est"",""justo in"",""tincidunt"",""convallis"",""feugiat"",""nascetur ridiculus"",""maecenas tristique"",""id"",""maecenas""]",03/06/2021,Sarah Waliszek
aliquam erat volutpat in congue etiam justo etiam,Alvira,Rouff,761914388-2,807.396,1804,1997,Russia,"[""quam turpis"",""lobortis sapien"",""sem sed"",""ut"",""in"",""ultrices libero"",""est"",""morbi"",""proin eu"",""aliquet maecenas""]",10/13/2020,Alvira Rouff
in congue,Cletis,Blair,525760057-9,985.127,967,2009,Brazil,"[""lectus"",""nisi venenatis"",""at"",""odio"",""dolor quis"",""enim in"",""nec nisi"",""duis consequat"",""consequat ut"",""amet nunc""]",12/13/2020,Cletis Blair
vel augue vestibulum rutrum rutrum neque aenean auctor gravida sem praesent id massa id nisl venenatis lacinia aenean sit amet,Rubetta,Topley,977933617-6,55.146,1171,2009,United States,"[""nulla sed"",""eros elementum"",""erat"",""nisi eu"",""ut"",""ac"",""feugiat"",""elit ac"",""luctus ultricies"",""fusce""]",02/13/2021,Rubetta Topley
erat volutpat in congue etiam justo etiam pretium iaculis justo in hac,Aurilia,Waycot,543096076-4,720.34,545,2001,Indonesia,"[""purus"",""ligula in"",""sit"",""libero nam"",""augue vestibulum"",""justo"",""morbi"",""nibh quisque"",""pretium iaculis"",""duis ac""]",01/19/2021,Aurilia Waycot
lacinia sapien quis libero nullam sit,Sibbie,Sedgemore,886562393-4,451.395,64,2011,Honduras,"[""ridiculus mus"",""ut erat"",""orci"",""sit amet"",""ornare imperdiet"",""condimentum"",""integer ac"",""donec quis"",""donec odio"",""massa""]",06/13/2021,Sibbie Sedgemore
sed magna at nunc commodo placerat praesent blandit nam nulla integer pede justo lacinia eget tincidunt eget tempus vel pede,Justine,Onion,099515415-5,188.854,1957,1973,China,"[""orci luctus"",""enim"",""magna at"",""diam cras"",""vestibulum sagittis"",""quis"",""condimentum id"",""maecenas leo"",""dignissim vestibulum"",""sem""]",12/18/2020,Justine Onion
vulputate nonummy maecenas tincidunt lacus at velit vivamus vel nulla eget eros elementum pellentesque quisque porta volutpat erat quisque,Gaye,Duffet,140285888-4,209.955,798,2007,China,"[""tincidunt lacus"",""pellentesque ultrices"",""tempor convallis"",""orci"",""lectus"",""aliquam lacus"",""id luctus"",""at"",""ut erat"",""congue""]",04/30/2021,Gaye Duffet
convallis eget eleifend luctus ultricies eu,Nicolis,Thumnel,534423371-X,980.321,624,2005,Namibia,"[""dictumst aliquam"",""magna"",""cursus urna"",""elit sodales"",""quisque"",""nec euismod"",""eget eros"",""nulla ultrices"",""vel lectus"",""hac""]",01/22/2021,Nicolis Thumnel
nec molestie sed,Arman,Eady,651820930-5,846.39,1400,2007,China,"[""est"",""sem"",""id ornare"",""lobortis ligula"",""dapibus"",""cubilia"",""in"",""felis"",""integer"",""sapien arcu""]",03/08/2021,Arman Eady
quis lectus suspendisse potenti in eleifend quam a odio in hac habitasse platea dictumst maecenas,Balduin,Hurndall,306980966-9,945.813,407,2000,China,"[""tincidunt"",""sed ante"",""id"",""sed"",""est risus"",""aliquam"",""neque sapien"",""erat fermentum"",""semper"",""mauris""]",11/19/2020,Balduin Hurndall
ultrices mattis odio donec vitae nisi nam ultrices libero,Cacilie,Martugin,297775281-1,676.934,646,2009,Slovenia,"[""volutpat quam"",""vestibulum ante"",""justo"",""blandit non"",""enim"",""suspendisse"",""nibh"",""ut at"",""nibh"",""maecenas""]",05/06/2021,Cacilie Martugin
egestas metus aenean fermentum donec ut,Timmie,Shotboult,481939285-9,240.028,1815,2005,China,"[""vel ipsum"",""sit amet"",""rutrum"",""turpis"",""donec"",""hac"",""donec ut"",""nunc"",""natoque penatibus"",""tempus""]",05/26/2021,Timmie Shotboult
in hac habitasse platea dictumst aliquam augue quam sollicitudin vitae consectetuer eget rutrum at lorem integer tincidunt ante,Adrian,Cock,999214690-7,446.756,1243,1996,Uruguay,"[""commodo"",""duis ac"",""sit amet"",""amet lobortis"",""aliquam sit"",""augue luctus"",""et magnis"",""proin"",""lacinia eget"",""erat""]",12/12/2020,Adrian Cock
mollis molestie lorem quisque ut erat,Halli,Neil,490074690-8,339.856,1914,2006,Indonesia,"[""velit"",""leo pellentesque"",""id lobortis"",""nulla dapibus"",""viverra pede"",""augue"",""ac enim"",""pede"",""pede"",""vestibulum""]",08/18/2020,Halli Neil
ridiculus mus etiam vel augue vestibulum rutrum rutrum neque aenean auctor gravida sem praesent id massa,Pattie,Callan,423482693-6,630.774,1138,2010,China,"[""non"",""at"",""porttitor pede"",""platea dictumst"",""lacus morbi"",""amet consectetuer"",""nisl duis"",""dolor"",""nibh in"",""ornare imperdiet""]",09/01/2020,Pattie Callan
lorem integer tincidunt ante vel ipsum praesent,Shannan,Bilyard,164319272-8,418.251,1437,1995,Tajikistan,"[""posuere nonummy"",""libero"",""sed"",""nisi"",""nec"",""sodales"",""mauris non"",""vestibulum"",""posuere cubilia"",""nec dui""]",12/06/2020,Shannan Bilyard
tempor turpis nec euismod scelerisque quam turpis adipiscing lorem,Aurilia,Klemensiewicz,600144813-2,104.298,1478,2009,Russia,"[""laoreet ut"",""nulla"",""aliquam"",""rutrum"",""natoque penatibus"",""aliquet at"",""nec"",""amet"",""in imperdiet"",""magnis dis""]",03/27/2021,Aurilia Klemensiewicz
ut rhoncus aliquet pulvinar,Mariellen,MacGaughey,167107003-8,537.222,1070,1999,Serbia,"[""faucibus"",""primis in"",""nisi vulputate"",""etiam"",""et"",""dui luctus"",""morbi vel"",""accumsan tortor"",""porttitor lorem"",""ligula""]",07/08/2020,Mariellen MacGaughey
velit vivamus vel nulla eget eros elementum pellentesque quisque porta volutpat erat quisque erat eros,Rhodia,Hinkins,431651300-1,922.414,809,1977,Czech Republic,"[""massa"",""velit nec"",""cursus vestibulum"",""tempus"",""nulla eget"",""pellentesque eget"",""tellus"",""cras in"",""mattis"",""ante ipsum""]",03/04/2021,Rhodia Hinkins
interdum venenatis turpis enim blandit mi in porttitor pede justo,Mariette,Loftin,099000492-9,780.296,1855,2006,Philippines,"[""habitasse"",""non"",""proin"",""tellus nisi"",""metus"",""in faucibus"",""et eros"",""quis orci"",""posuere"",""praesent id""]",09/30/2020,Mariette Loftin
non velit donec diam neque vestibulum eget vulputate ut ultrices vel augue vestibulum ante ipsum primis in faucibus,Natal,Ipsly,683206942-1,624.918,1935,2009,China,"[""malesuada"",""massa volutpat"",""dapibus nulla"",""libero nam"",""bibendum"",""urna"",""sodales"",""sapien"",""ultrices"",""magna""]",06/22/2021,Natal Ipsly
vel sem sed sagittis nam congue risus semper porta volutpat quam pede,Inez,Sorley,204712976-1,36.762,403,1997,Kenya,"[""luctus et"",""nisl"",""purus aliquet"",""quam"",""arcu adipiscing"",""lobortis ligula"",""cubilia curae"",""ultrices phasellus"",""sed"",""fusce""]",07/25/2020,Inez Sorley
ultrices,Launce,Schelle,298028989-2,914.183,827,2000,Poland,"[""vitae"",""mauris"",""morbi a"",""dis"",""et"",""fusce"",""cubilia"",""dapibus augue"",""nullam"",""sed magna""]",05/11/2021,Launce Schelle
semper rutrum nulla nunc purus phasellus in felis donec semper sapien a libero nam,Basia,Franschini,997986531-8,529.581,420,2004,Indonesia,"[""a pede"",""tortor duis"",""consequat morbi"",""natoque"",""congue"",""nec"",""nulla"",""quam"",""varius nulla"",""lacus""]",06/02/2021,Basia Franschini
eros vestibulum ac est lacinia nisi venenatis tristique fusce,Brody,Couves,314373417-5,200.39,1701,2006,Indonesia,"[""mattis pulvinar"",""ante vivamus"",""mauris lacinia"",""proin risus"",""praesent lectus"",""vestibulum"",""at velit"",""montes"",""tempus"",""in""]",07/17/2020,Brody Couves
vitae mattis nibh ligula nec sem duis aliquam convallis nunc,Phyllida,Sellwood,399746405-7,674.367,221,2006,Cuba,"[""mollis"",""sem"",""suspendisse"",""lacinia"",""venenatis turpis"",""magna vulputate"",""risus semper"",""in purus"",""id"",""vestibulum vestibulum""]",08/26/2020,Phyllida Sellwood
nascetur ridiculus mus etiam vel augue vestibulum rutrum rutrum neque aenean auctor,Brandais,Redhole,602235143-X,635.618,238,1985,Israel,"[""nulla sed"",""justo pellentesque"",""in"",""integer"",""in blandit"",""tincidunt lacus"",""purus aliquet"",""aliquam non"",""quam nec"",""in""]",01/10/2021,Brandais Redhole
ut dolor morbi vel lectus in quam fringilla rhoncus mauris enim leo rhoncus sed vestibulum,Mel,Mountfort,623528711-9,151.568,833,1992,Colombia,"[""lobortis ligula"",""a"",""pellentesque ultrices"",""tempus"",""id"",""justo"",""parturient montes"",""vivamus metus"",""maecenas"",""volutpat""]",07/30/2020,Mel Mountfort
vel nisl duis ac,Tom,Esby,766253038-8,3.645,806,2011,Denmark,"[""nibh ligula"",""etiam"",""orci"",""semper"",""convallis"",""lobortis vel"",""odio cras"",""aliquet massa"",""augue"",""potenti in""]",06/23/2020,Tom Esby
id turpis integer aliquet massa id lobortis convallis,Pegeen,Clabburn,410149936-5,632.254,639,2007,China,"[""elementum in"",""dictumst morbi"",""velit vivamus"",""phasellus in"",""odio"",""et"",""dui proin"",""luctus"",""sem duis"",""in""]",04/04/2021,Pegeen Clabburn
vitae ipsum aliquam non mauris morbi non,Clifford,Edwins,174316476-9,316.736,516,2006,Indonesia,"[""aenean lectus"",""curabitur"",""eu"",""volutpat sapien"",""egestas"",""eu orci"",""non"",""elementum pellentesque"",""faucibus"",""imperdiet""]",05/20/2021,Clifford Edwins
magna ac consequat metus,Emelina,Reed,504492593-4,379.677,847,2010,Puerto Rico,"[""consequat lectus"",""consequat"",""ultrices"",""sit amet"",""quis"",""curabitur convallis"",""commodo vulputate"",""odio"",""sed ante"",""suspendisse accumsan""]",05/12/2021,Emelina Reed
amet consectetuer adipiscing elit proin risus praesent lectus vestibulum,Flin,Skene,140142422-8,191.39,510,2011,Angola,"[""eleifend"",""massa quis"",""nisl duis"",""urna pretium"",""euismod"",""morbi"",""in"",""libero"",""platea"",""ultrices posuere""]",06/16/2020,Flin Skene
mattis odio donec vitae nisi nam,Janessa,Galiero,144964653-0,965.989,1575,2008,Ireland,"[""convallis eget"",""luctus nec"",""neque"",""nonummy"",""augue"",""orci luctus"",""consequat"",""congue vivamus"",""a"",""eu est""]",01/24/2021,Janessa Galiero
velit id pretium iaculis diam erat fermentum justo nec condimentum neque sapien placerat ante nulla,Rawley,Gisborne,238080994-1,727.962,870,2000,China,"[""justo lacinia"",""morbi non"",""in"",""tempus"",""orci"",""felis"",""mauris"",""potenti"",""tellus semper"",""ut""]",07/26/2020,Rawley Gisborne
nulla sed vel enim sit amet nunc,Gretta,Bridgement,640846421-1,495.034,1552,1991,Peru,"[""magna"",""dictumst maecenas"",""sed vel"",""suspendisse potenti"",""et"",""suspendisse accumsan"",""donec"",""vel"",""accumsan"",""nulla ac""]",10/23/2020,Gretta Bridgement
turpis a pede posuere nonummy integer non velit donec diam neque vestibulum eget vulputate ut ultrices vel augue,Dona,Jelley,685838912-1,370.827,644,2008,Indonesia,"[""dolor morbi"",""amet"",""ac"",""pellentesque eget"",""massa id"",""at"",""mauris sit"",""turpis nec"",""ac"",""sem""]",06/18/2020,Dona Jelley
dis parturient montes nascetur ridiculus mus vivamus vestibulum sagittis,Cayla,Howarth,225924572-2,297.285,1589,2008,Indonesia,"[""iaculis"",""et"",""rhoncus"",""et"",""morbi"",""massa quis"",""maecenas"",""mi"",""cum"",""sed""]",04/26/2021,Cayla Howarth
aliquet massa id lobortis convallis tortor risus dapibus augue vel accumsan tellus,Nissie,Djorevic,487221869-8,692.378,589,2011,Portugal,"[""imperdiet"",""posuere cubilia"",""diam"",""ullamcorper augue"",""lobortis"",""pharetra magna"",""dui"",""justo"",""sit amet"",""suspendisse""]",08/17/2020,Nissie Djorevic
eu est congue elementum in hac habitasse platea dictumst,Delaney,Pineaux,319139585-7,219.952,1486,2002,Poland,"[""viverra"",""quam"",""parturient"",""duis"",""posuere"",""nunc rhoncus"",""viverra diam"",""eu sapien"",""vestibulum"",""fusce""]",09/15/2020,Delaney Pineaux
ac nibh fusce lacus,Vincenty,MacCall,854127626-0,404.617,1647,2012,Philippines,"[""eget"",""bibendum"",""scelerisque"",""dolor"",""massa volutpat"",""duis bibendum"",""nec euismod"",""in"",""turpis sed"",""sit amet""]",04/08/2021,Vincenty MacCall
leo maecenas pulvinar lobortis est phasellus sit amet erat nulla tempus vivamus in felis,Bethina,Edwardes,025071946-0,177.311,38,1977,Philippines,"[""accumsan"",""natoque penatibus"",""tellus"",""pharetra magna"",""imperdiet sapien"",""justo"",""venenatis"",""erat quisque"",""vel ipsum"",""pede""]",11/06/2020,Bethina Edwardes
ante vivamus tortor duis mattis egestas metus aenean fermentum donec,Rozanna,Cail,754178614-4,271.357,1366,2004,Sweden,"[""iaculis"",""habitasse platea"",""velit id"",""ac consequat"",""erat"",""lacus"",""nullam"",""porta volutpat"",""sem duis"",""condimentum""]",01/29/2021,Rozanna Cail
est risus auctor sed tristique in tempus sit amet,Paquito,MacKerley,015434513-X,486.521,1956,2010,Portugal,"[""duis ac"",""at"",""libero"",""sit"",""et"",""sit amet"",""pulvinar nulla"",""id massa"",""ac"",""faucibus cursus""]",06/16/2021,Paquito MacKerley
dui,Hewett,Campey,981432434-5,378.512,17,1992,China,"[""quis orci"",""quam suspendisse"",""pretium iaculis"",""velit"",""mollis molestie"",""enim in"",""dui maecenas"",""dapibus"",""quis justo"",""semper porta""]",02/02/2021,Hewett Campey
velit donec diam neque vestibulum eget vulputate ut ultrices vel augue vestibulum ante,Fabian,Brackenridge,573656576-5,151.3,335,2008,"Bonaire, Saint Eustatius and Saba ","[""at turpis"",""vestibulum sagittis"",""aenean"",""vel sem"",""vehicula consequat"",""in faucibus"",""sociis"",""tempus"",""faucibus"",""in""]",11/12/2020,Fabian Brackenridge
diam neque,Ingaberg,Hovert,144981531-6,930.111,1954,1997,Portugal,"[""nulla"",""lobortis est"",""duis"",""sapien"",""interdum in"",""amet"",""vitae"",""ipsum"",""in"",""mi""]",03/05/2021,Ingaberg Hovert
sapien cum sociis natoque penatibus et magnis dis parturient,Ramsay,Synan,494940446-6,671.98,853,1996,Portugal,"[""urna ut"",""orci"",""luctus"",""nullam sit"",""aliquet"",""odio"",""bibendum imperdiet"",""sed"",""potenti cras"",""ultrices""]",12/15/2020,Ramsay Synan
nisi nam ultrices libero non mattis pulvinar nulla pede ullamcorper augue a suscipit nulla elit ac nulla sed,Daryl,Lewry,482511736-8,83.515,402,1988,Indonesia,"[""volutpat convallis"",""duis bibendum"",""ut erat"",""ac"",""dolor vel"",""phasellus id"",""quam"",""convallis eget"",""vivamus metus"",""sit""]",01/19/2021,Daryl Lewry
vel augue vestibulum rutrum rutrum neque aenean auctor gravida sem praesent id massa id nisl venenatis lacinia aenean sit,Garek,Fidgeon,737202298-3,642.665,340,1998,Brazil,"[""suscipit"",""lectus"",""maecenas ut"",""condimentum"",""ultrices"",""non"",""dui"",""mattis"",""nulla facilisi"",""quisque""]",02/02/2021,Garek Fidgeon
diam cras pellentesque volutpat,Velma,Wisdish,908935653-3,215.732,945,2008,Colombia,"[""donec"",""in quam"",""nulla"",""at"",""sed"",""erat"",""vivamus vestibulum"",""aliquam augue"",""vel augue"",""tristique""]",07/29/2020,Velma Wisdish
id consequat in consequat ut nulla sed accumsan,Ameline,Troughton,842076193-1,687.72,562,1984,Palestinian Territory,"[""neque"",""urna"",""hendrerit"",""non mauris"",""dis"",""ut"",""integer"",""ipsum ac"",""vel ipsum"",""ridiculus""]",06/15/2020,Ameline Troughton
eros elementum pellentesque quisque porta volutpat erat quisque,Kaine,Wrench,614498540-9,245.284,353,1992,Czech Republic,"[""eget elit"",""dis parturient"",""nisl"",""duis"",""euismod"",""dui"",""platea dictumst"",""ante"",""tortor quis"",""felis donec""]",05/19/2021,Kaine Wrench
vehicula consequat morbi a ipsum integer a nibh in quis justo,Babara,Heavyside,066011192-6,395.943,1696,1993,Croatia,"[""risus"",""eget congue"",""maecenas"",""dapibus"",""ultrices enim"",""pede"",""imperdiet"",""proin"",""ligula"",""ante""]",06/03/2021,Babara Heavyside
amet erat nulla tempus vivamus in felis eu sapien cursus vestibulum proin eu mi,Angelita,Edards,010936571-2,250.975,286,2012,Greece,"[""pretium"",""nullam"",""nam"",""orci"",""tempus"",""neque"",""dui"",""varius"",""mauris morbi"",""curabitur convallis""]",10/29/2020,Angelita Edards
nulla nisl nunc nisl duis bibendum felis sed,Kevina,Belloch,164709818-1,555.219,1677,1966,Czech Republic,"[""mauris vulputate"",""natoque penatibus"",""erat fermentum"",""quam a"",""ut"",""ante ipsum"",""morbi odio"",""ut volutpat"",""laoreet ut"",""donec dapibus""]",08/18/2020,Kevina Belloch
amet,Lennard,Jellyman,326458837-4,786.55,549,2004,China,"[""rhoncus"",""porta volutpat"",""dolor sit"",""nulla suspendisse"",""integer tincidunt"",""rutrum at"",""lobortis"",""pede"",""blandit"",""lacus""]",02/02/2021,Lennard Jellyman
sapien placerat ante nulla justo aliquam quis turpis eget elit sodales scelerisque mauris,Marlie,White,754642527-1,737.479,1791,2007,Brazil,"[""volutpat dui"",""sapien urna"",""ante"",""tortor risus"",""tempus"",""scelerisque"",""diam nam"",""tortor sollicitudin"",""consectetuer"",""justo""]",04/03/2021,Marlie White
aliquam convallis nunc proin at turpis a pede posuere nonummy integer non velit donec diam,Milty,Shedden,225370138-6,553.038,1536,2000,Indonesia,"[""ornare"",""condimentum neque"",""donec"",""vestibulum"",""dui"",""ligula in"",""platea"",""et commodo"",""lorem"",""enim blandit""]",07/07/2020,Milty Shedden
sed accumsan felis ut at dolor quis odio,Licha,Bandt,451573262-5,103.391,209,1994,China,"[""semper porta"",""convallis"",""in sapien"",""tempus"",""nonummy integer"",""est"",""rutrum"",""sit"",""in"",""purus eu""]",10/16/2020,Licha Bandt
duis at velit eu est congue elementum in hac habitasse platea dictumst,Bancroft,Kenrat,665549956-9,805.401,1509,2002,Indonesia,"[""viverra"",""integer a"",""pede"",""morbi"",""ante ipsum"",""morbi"",""nullam varius"",""ut"",""ultrices posuere"",""in imperdiet""]",04/20/2021,Bancroft Kenrat
venenatis non sodales sed tincidunt eu felis fusce posuere felis sed lacus morbi sem mauris laoreet ut,Yankee,Dikes,081206744-4,775.84,1552,1988,Poland,"[""felis"",""eget tincidunt"",""at ipsum"",""posuere"",""ipsum primis"",""erat"",""id"",""pede"",""proin"",""amet consectetuer""]",07/03/2020,Yankee Dikes
at nunc commodo placerat praesent blandit nam nulla integer pede justo lacinia eget tincidunt,Kellia,Gounet,941041778-3,715.877,315,2001,United States,"[""tristique"",""non pretium"",""diam in"",""nunc"",""tempus sit"",""duis at"",""tincidunt lacus"",""in imperdiet"",""semper rutrum"",""platea dictumst""]",09/06/2020,Kellia Gounet
velit nec,Ardene,Giscken,226006440-X,326.589,30,2010,Sweden,"[""eu est"",""volutpat"",""vel"",""aliquam"",""felis"",""feugiat"",""purus phasellus"",""hendrerit at"",""tempor"",""pulvinar nulla""]",04/25/2021,Ardene Giscken
viverra eget congue eget semper rutrum nulla nunc purus phasellus in felis,Lucky,Ivanishin,720866564-8,501.402,650,2011,Bolivia,"[""at feugiat"",""morbi"",""sollicitudin"",""id"",""tellus in"",""quis augue"",""justo in"",""mauris"",""id mauris"",""leo""]",01/18/2021,Lucky Ivanishin
parturient montes nascetur ridiculus mus vivamus vestibulum sagittis sapien cum sociis natoque penatibus et magnis dis parturient montes nascetur,Phyllys,Allsupp,573543667-8,46.589,550,2000,Chad,"[""duis consequat"",""justo"",""gravida"",""felis"",""sapien non"",""eleifend donec"",""velit donec"",""tempus"",""cursus"",""facilisi cras""]",03/18/2021,Phyllys Allsupp
nisi at nibh in hac habitasse platea dictumst aliquam,Janaye,Blaszczyk,401394861-3,337.232,1433,2004,Canada,"[""a libero"",""nullam varius"",""ipsum"",""nunc purus"",""lacinia nisi"",""in hac"",""ornare"",""mauris"",""erat"",""luctus""]",09/21/2020,Janaye Blaszczyk
lacus morbi,Dominique,Stopper,127800688-5,95.878,1160,1990,China,"[""tincidunt"",""lacinia eget"",""nibh"",""justo etiam"",""mollis molestie"",""pede"",""tellus"",""risus semper"",""at"",""ac""]",06/06/2021,Dominique Stopper
velit vivamus vel nulla eget eros elementum pellentesque quisque porta volutpat erat quisque erat eros,Cal,Coleshill,285808873-X,266.05,1531,2005,China,"[""eleifend donec"",""nunc donec"",""ut"",""in"",""vivamus"",""amet consectetuer"",""sem"",""at"",""at"",""diam vitae""]",07/26/2020,Cal Coleshill
lacus purus aliquet at feugiat non pretium quis lectus suspendisse potenti in,Prent,Ransbury,418590971-3,642.293,425,2012,Cameroon,"[""morbi non"",""sed lacus"",""lectus"",""arcu"",""tempor turpis"",""ligula nec"",""elementum"",""lorem"",""et magnis"",""congue""]",08/30/2020,Prent Ransbury
justo lacinia eget tincidunt eget tempus vel pede morbi porttitor lorem id ligula suspendisse,Arney,Puleston,173532365-9,546.97,858,1991,Indonesia,"[""ut"",""risus"",""facilisi cras"",""ultrices"",""curabitur"",""odio"",""vestibulum"",""turpis"",""fusce"",""ultrices""]",06/22/2020,Arney Puleston
suscipit nulla elit ac nulla sed vel enim sit amet nunc viverra,Tamera,Scrase,351046534-2,927.723,1068,1991,Indonesia,"[""commodo placerat"",""at velit"",""nulla ultrices"",""in faucibus"",""sollicitudin ut"",""pede malesuada"",""mauris"",""luctus"",""porta volutpat"",""ipsum""]",03/17/2021,Tamera Scrase
in magna bibendum imperdiet nullam orci,Rachelle,Skidmore,841533218-1,149.574,852,1992,United States,"[""in"",""nunc viverra"",""dui luctus"",""non ligula"",""curae"",""id nulla"",""diam neque"",""nulla"",""magna"",""sapien""]",08/16/2020,Rachelle Skidmore
in quis justo maecenas rhoncus aliquam lacus morbi quis,Andra,Parley,418677019-0,149.778,1697,2012,Japan,"[""purus"",""ut"",""sapien"",""nascetur"",""in purus"",""turpis eget"",""tempus"",""in"",""purus eu"",""integer tincidunt""]",09/01/2020,Andra Parley
libero rutrum ac lobortis vel dapibus,Lyell,Overland,227451632-4,263.373,275,2007,Vietnam,"[""luctus tincidunt"",""id ornare"",""odio"",""neque sapien"",""tristique"",""rutrum"",""elementum"",""non mauris"",""in tempor"",""in porttitor""]",04/28/2021,Lyell Overland
aliquam sit amet diam in magna bibendum imperdiet nullam orci pede venenatis non,Chane,Frugier,833622248-0,173.343,949,1995,Cuba,"[""proin risus"",""felis donec"",""mauris vulputate"",""porta volutpat"",""ipsum"",""orci"",""volutpat"",""platea dictumst"",""vehicula"",""curae""]",07/11/2020,Chane Frugier
penatibus et magnis dis parturient montes nascetur ridiculus mus vivamus vestibulum,Siward,Knight,754263465-8,271.344,414,1999,Palestinian Territory,"[""imperdiet"",""metus vitae"",""volutpat"",""commodo placerat"",""aliquam convallis"",""est"",""ut massa"",""nulla sed"",""vestibulum ante"",""donec""]",02/03/2021,Siward Knight
tortor sollicitudin,Lindsey,Brach,154161161-6,694.218,206,1992,Portugal,"[""sed"",""sociis natoque"",""eget semper"",""imperdiet"",""ipsum dolor"",""ac nibh"",""vel accumsan"",""et ultrices"",""lectus pellentesque"",""nam ultrices""]",04/21/2021,Lindsey Brach
convallis tortor risus dapibus augue vel accumsan tellus nisi,Gare,Josef,463409239-5,911.535,1020,2003,Japan,"[""libero"",""sed"",""vel nisl"",""posuere nonummy"",""eu massa"",""ante"",""ultrices"",""vestibulum velit"",""quis"",""tempus""]",03/07/2021,Gare Josef
ut ultrices vel augue vestibulum ante ipsum primis in faucibus orci luctus et ultrices posuere cubilia curae donec pharetra magna,Andrea,Trever,066271350-8,359.851,163,2000,China,"[""felis fusce"",""ipsum dolor"",""ante ipsum"",""curae"",""vulputate"",""maecenas tincidunt"",""cum sociis"",""maecenas rhoncus"",""aliquam augue"",""eu""]",02/07/2021,Andrea Trever
orci mauris lacinia sapien quis libero nullam sit amet,Mayor,Borris,309498635-8,506.096,1106,2005,Thailand,"[""cum"",""curae duis"",""dignissim vestibulum"",""ac"",""ullamcorper augue"",""a nibh"",""in"",""in hac"",""magna at"",""nunc vestibulum""]",06/20/2021,Mayor Borris
neque aenean auctor gravida sem,Bette-ann,Pickervance,568962144-7,117.899,995,1995,Kiribati,"[""pellentesque viverra"",""cursus"",""ut"",""lacinia"",""magna bibendum"",""proin risus"",""faucibus"",""sit amet"",""cubilia curae"",""venenatis lacinia""]",04/25/2021,Bette-ann Pickervance
orci luctus et ultrices posuere cubilia curae mauris viverra diam vitae quam suspendisse,Boy,Eldrett,235096216-4,494.544,1456,1984,Morocco,"[""tortor eu"",""elit"",""arcu libero"",""donec"",""penatibus"",""vestibulum"",""ultrices mattis"",""in hac"",""id"",""maecenas ut""]",05/30/2021,Boy Eldrett
tempus vel pede morbi porttitor lorem id ligula suspendisse ornare consequat lectus in est risus auctor sed tristique,Jerrie,Jailler,102436586-7,410.808,1777,2008,China,"[""donec"",""nisl duis"",""turpis"",""eget"",""egestas metus"",""scelerisque"",""ac"",""et commodo"",""erat"",""pede posuere""]",10/05/2020,Jerrie Jailler
sed vel enim sit amet nunc viverra dapibus nulla suscipit ligula in lacus curabitur at ipsum ac,Griff,Copes,979841593-0,321.782,934,1995,Honduras,"[""at nibh"",""neque vestibulum"",""posuere"",""convallis"",""in hac"",""ridiculus"",""justo"",""quis"",""in imperdiet"",""volutpat""]",06/05/2021,Griff Copes
leo rhoncus sed vestibulum sit amet cursus id turpis integer aliquet massa id lobortis convallis tortor risus,Leda,Calcott,072875003-1,276.192,268,1994,Russia,"[""eleifend luctus"",""quam"",""ornare consequat"",""et"",""velit nec"",""dolor vel"",""donec"",""fringilla rhoncus"",""ultricies"",""rutrum rutrum""]",01/06/2021,Leda Calcott
pellentesque ultrices phasellus id sapien in sapien iaculis congue vivamus metus arcu adipiscing molestie hendrerit,Jacquelyn,Savin,431025932-4,869.026,950,1997,France,"[""curabitur gravida"",""maecenas tristique"",""non"",""erat volutpat"",""vestibulum ac"",""in"",""erat fermentum"",""lobortis est"",""morbi"",""suscipit""]",03/18/2021,Jacquelyn Savin
duis mattis egestas metus aenean fermentum donec ut mauris eget massa tempor,Margy,Klimentyonok,753065289-3,949.244,1477,1993,Philippines,"[""posuere"",""magna"",""vitae"",""risus"",""congue"",""donec ut"",""convallis"",""urna pretium"",""platea"",""pretium nisl""]",12/07/2020,Margy Klimentyonok
justo in hac habitasse platea dictumst etiam faucibus cursus urna ut tellus nulla ut erat id mauris vulputate elementum nullam,Cirilo,Hanes,335704023-9,888.861,1602,2002,Chile,"[""purus"",""diam id"",""accumsan"",""ultrices"",""vestibulum eget"",""tempus"",""turpis donec"",""in"",""amet sapien"",""in porttitor""]",02/28/2021,Cirilo Hanes
nec nisi vulputate nonummy maecenas tincidunt lacus at velit vivamus vel nulla eget eros elementum pellentesque quisque porta volutpat,Lamont,Salle,100173682-6,525.322,432,2011,Canada,"[""consequat"",""duis bibendum"",""turpis"",""vel ipsum"",""fusce"",""pharetra"",""vulputate"",""ante"",""justo"",""est""]",03/11/2021,Lamont Salle
sed tristique in tempus sit,Lynne,Siflet,459251466-1,223.488,1885,1990,Vietnam,"[""consequat metus"",""eu"",""tincidunt"",""nam"",""lacus"",""vulputate"",""eros suspendisse"",""amet"",""at nulla"",""in""]",02/26/2021,Lynne Siflet
nisl venenatis lacinia aenean sit amet justo morbi ut odio cras,Brig,Ruste,740957436-4,850.522,744,1998,Philippines,"[""in lectus"",""elementum pellentesque"",""id ornare"",""lacinia"",""etiam"",""metus aenean"",""maecenas"",""purus"",""a odio"",""ultrices posuere""]",09/20/2020,Brig Ruste
ut erat curabitur gravida nisi at nibh in hac habitasse platea,Chandler,Flowerden,686941709-1,782.025,132,1985,China,"[""at"",""tincidunt"",""nec"",""curae"",""nisi"",""morbi"",""tincidunt ante"",""felis fusce"",""orci pede"",""integer""]",06/20/2020,Chandler Flowerden
et ultrices posuere,Arlin,Jonk,378514792-9,88.613,545,1999,Poland,"[""convallis eget"",""aliquet"",""augue"",""quis"",""vulputate"",""potenti in"",""nec"",""integer"",""risus"",""sapien a""]",11/04/2020,Arlin Jonk
volutpat quam pede lobortis ligula sit amet eleifend pede libero quis,Briny,Ferminger,125667906-2,253.638,1406,2004,Costa Rica,"[""cursus"",""integer"",""sagittis sapien"",""maecenas"",""sed vel"",""duis faucibus"",""felis fusce"",""purus"",""mi sit"",""lectus aliquam""]",06/26/2020,Briny Ferminger
nullam orci,Tessie,Mottini,516052369-3,567.2,1936,1998,Thailand,"[""vel"",""orci nullam"",""egestas"",""quis lectus"",""sagittis"",""in tempus"",""porttitor"",""nascetur ridiculus"",""nisl nunc"",""sollicitudin mi""]",01/04/2021,Tessie Mottini
porta volutpat quam pede lobortis ligula sit amet eleifend pede libero quis orci nullam molestie nibh in,Lindsay,McKevitt,952479457-8,836.89,1376,1999,Brazil,"[""ut massa"",""erat"",""leo"",""pellentesque volutpat"",""ut"",""non quam"",""aenean"",""rutrum rutrum"",""vulputate"",""purus aliquet""]",01/17/2021,Lindsay McKevitt
curae mauris viverra diam vitae quam suspendisse potenti nullam porttitor lacus at turpis donec posuere metus vitae ipsum,Glenna,Taunton.,973282174-4,340.748,1940,1986,Brazil,"[""nunc"",""urna"",""iaculis"",""aenean lectus"",""elementum"",""sodales sed"",""adipiscing"",""magna"",""in"",""faucibus""]",06/26/2020,Glenna Taunton.
pellentesque eget nunc donec quis orci eget orci vehicula condimentum curabitur in libero ut massa volutpat convallis morbi odio odio,Elora,Kingh,608805222-8,10.319,1333,1991,United States,"[""gravida"",""ultrices libero"",""ligula"",""eget rutrum"",""pede lobortis"",""turpis"",""id"",""aliquam"",""eros vestibulum"",""et magnis""]",02/15/2021,Elora Kingh
tortor sollicitudin mi sit amet lobortis sapien sapien non mi integer ac neque,Riobard,Ryding,910052324-0,930.211,644,2010,Philippines,"[""proin"",""rhoncus mauris"",""dui"",""elementum"",""amet eros"",""in"",""vulputate"",""dictumst morbi"",""donec"",""ut""]",02/19/2021,Riobard Ryding
sit amet turpis elementum ligula vehicula consequat morbi,Cookie,Colegrove,053916312-0,739.463,1886,2001,Argentina,"[""in"",""sit amet"",""gravida"",""tortor"",""erat nulla"",""sodales sed"",""in ante"",""sit amet"",""pellentesque"",""imperdiet nullam""]",11/07/2020,Cookie Colegrove
dolor sit amet consectetuer adipiscing elit proin interdum mauris non ligula pellentesque ultrices phasellus id sapien in sapien,Charlene,Neve,489912766-9,60.822,536,2000,Indonesia,"[""posuere"",""id"",""et"",""nulla"",""rutrum ac"",""suspendisse potenti"",""luctus"",""a"",""convallis"",""lectus""]",09/28/2020,Charlene Neve
feugiat et eros vestibulum,Batsheva,Loughead,579208870-5,623.018,675,2009,Portugal,"[""turpis"",""proin interdum"",""congue risus"",""turpis a"",""interdum in"",""justo"",""morbi non"",""commodo"",""metus"",""quam suspendisse""]",11/11/2020,Batsheva Loughead
sed nisl nunc rhoncus dui vel sem sed sagittis nam congue risus semper porta volutpat,Concordia,Begley,411568841-6,451.538,1131,2001,Finland,"[""lorem"",""venenatis"",""nullam molestie"",""sit amet"",""non"",""eu"",""dui vel"",""et ultrices"",""eu"",""sociis natoque""]",03/17/2021,Concordia Begley
vestibulum vestibulum ante ipsum primis in faucibus orci luctus et ultrices posuere cubilia curae nulla,Donelle,McLeary,701679137-8,300.68,1028,2003,China,"[""sodales"",""duis consequat"",""sodales sed"",""posuere metus"",""ultrices"",""donec pharetra"",""mauris eget"",""consequat"",""non"",""mauris""]",12/07/2020,Donelle McLeary
donec semper sapien a libero nam,Chick,Hebble,720845014-5,408.675,1217,1984,Canada,"[""aliquam lacus"",""suscipit nulla"",""pulvinar"",""phasellus"",""aenean sit"",""elementum"",""justo morbi"",""mauris laoreet"",""et magnis"",""diam""]",12/18/2020,Chick Hebble
luctus ultricies eu nibh quisque id justo sit amet sapien dignissim,Leroi,Clarycott,060790982-X,384.551,866,1998,Norway,"[""in quis"",""orci mauris"",""suscipit nulla"",""placerat ante"",""non quam"",""vestibulum"",""dui vel"",""convallis nulla"",""quam"",""lacinia nisi""]",02/14/2021,Leroi Clarycott
leo maecenas pulvinar lobortis est phasellus sit amet erat nulla,Sheri,Audsley,701801801-3,628.882,1799,2005,Philippines,"[""pede ac"",""non"",""magna at"",""in libero"",""congue"",""pede"",""massa"",""dolor sit"",""pede"",""justo sit""]",06/24/2020,Sheri Audsley
donec quis orci eget orci vehicula condimentum curabitur in libero ut massa volutpat,Allen,Letty,127541779-5,432.4,771,2009,Indonesia,"[""arcu"",""proin leo"",""at"",""quam"",""neque"",""nulla"",""vestibulum"",""hendrerit at"",""nulla"",""eleifend luctus""]",04/27/2021,Allen Letty
auctor sed tristique in tempus sit amet sem fusce consequat nulla nisl nunc nisl duis bibendum,Lonny,Runnacles,987837977-9,932.349,57,2007,Sweden,"[""in"",""massa"",""pede lobortis"",""nunc"",""luctus"",""ut"",""quam"",""libero convallis"",""rutrum at"",""porttitor lacus""]",04/10/2021,Lonny Runnacles
maecenas rhoncus aliquam lacus morbi quis tortor id nulla ultrices aliquet maecenas leo,Maribel,Spikeings,999720222-8,308.5,914,2007,China,"[""luctus"",""donec posuere"",""nunc"",""vel pede"",""justo"",""ut massa"",""eget elit"",""rhoncus"",""nunc"",""ut rhoncus""]",01/20/2021,Maribel Spikeings
sit amet nunc viverra dapibus nulla suscipit ligula in lacus curabitur at ipsum ac tellus semper interdum mauris ullamcorper,Cal,Horsfield,460623319-2,994.368,732,1997,Poland,"[""primis in"",""curabitur"",""rhoncus"",""tortor quis"",""morbi"",""amet justo"",""in"",""duis"",""elementum pellentesque"",""nisl""]",08/13/2020,Cal Horsfield
faucibus orci luctus et ultrices posuere cubilia curae donec pharetra magna vestibulum aliquet ultrices erat tortor sollicitudin mi sit amet,Moyna,Cockrill,306807971-3,106.997,1851,1995,Ukraine,"[""consequat morbi"",""id"",""tincidunt"",""adipiscing molestie"",""proin"",""sit"",""aliquam"",""sed magna"",""maecenas rhoncus"",""molestie hendrerit""]",04/26/2021,Moyna Cockrill
eu interdum eu tincidunt in leo maecenas pulvinar lobortis,Elmira,Pepall,737347997-9,0.522,116,2005,Thailand,"[""id"",""pharetra"",""augue vestibulum"",""sodales scelerisque"",""leo"",""aliquam"",""curabitur gravida"",""nulla"",""quam"",""nulla tempus""]",08/16/2020,Elmira Pepall
cras in purus eu magna vulputate luctus cum sociis natoque penatibus et magnis dis,Correy,Ryle,985830372-6,944.613,599,2006,Netherlands,"[""vitae mattis"",""magna"",""suspendisse"",""tincidunt eget"",""cras"",""ut massa"",""non"",""eros"",""vel"",""odio""]",03/11/2021,Correy Ryle
ante nulla justo aliquam quis turpis,Issiah,Stevings,617684349-9,592.784,569,2000,Indonesia,"[""accumsan"",""pede"",""in"",""primis in"",""justo pellentesque"",""eget"",""dolor"",""venenatis turpis"",""sapien"",""commodo""]",06/22/2020,Issiah Stevings
aliquam sit amet diam in magna,Rodie,Stonebanks,407308952-8,404.11,922,1997,Honduras,"[""turpis donec"",""a feugiat"",""consectetuer"",""etiam pretium"",""phasellus"",""quam nec"",""volutpat dui"",""potenti"",""dignissim vestibulum"",""fusce""]",12/12/2020,Rodie Stonebanks
viverra pede ac diam cras pellentesque volutpat dui maecenas tristique est,Alli,Dugan,206433381-9,711.861,1354,2008,China,"[""accumsan odio"",""vestibulum"",""at turpis"",""eget"",""vestibulum"",""duis faucibus"",""amet"",""mauris vulputate"",""erat nulla"",""lorem""]",11/06/2020,Alli Dugan
lacus morbi sem mauris laoreet ut rhoncus aliquet pulvinar sed nisl nunc rhoncus dui,Em,Atwill,185778792-7,116.817,1503,2006,United States,"[""leo"",""massa"",""gravida sem"",""donec ut"",""etiam"",""at"",""convallis duis"",""turpis a"",""vel"",""tincidunt eget""]",05/22/2021,Em Atwill
scelerisque mauris sit amet eros suspendisse accumsan tortor quis turpis sed ante vivamus tortor duis mattis egestas metus,Holmes,Widdall,051981809-1,368.401,1391,2010,Ukraine,"[""augue"",""semper sapien"",""luctus et"",""posuere cubilia"",""etiam vel"",""ac enim"",""vel"",""eget orci"",""pellentesque"",""lacus curabitur""]",04/12/2021,Holmes Widdall
sem fusce consequat nulla nisl nunc nisl duis bibendum felis sed interdum venenatis turpis enim blandit,Kaiser,Jenk,370864960-5,272.337,252,1993,Palestinian Territory,"[""id"",""arcu"",""vivamus tortor"",""dictumst maecenas"",""habitasse platea"",""viverra"",""rhoncus"",""nulla justo"",""leo odio"",""arcu adipiscing""]",12/09/2020,Kaiser Jenk
eros elementum pellentesque quisque porta volutpat erat quisque erat eros viverra eget,Mischa,Altimas,978922290-4,934.669,578,2007,Estonia,"[""vel"",""faucibus"",""pretium iaculis"",""pede posuere"",""cras"",""nec dui"",""felis ut"",""morbi"",""massa tempor"",""tortor quis""]",11/09/2020,Mischa Altimas
adipiscing elit proin risus praesent lectus vestibulum quam sapien varius ut blandit,Katha,Stroton,328436144-8,220.292,1190,1996,Thailand,"[""aenean"",""rutrum"",""leo maecenas"",""ipsum"",""aenean auctor"",""nullam"",""semper interdum"",""quis"",""at velit"",""rutrum nulla""]",06/18/2020,Katha Stroton
cum sociis natoque penatibus et magnis dis parturient montes nascetur ridiculus mus vivamus vestibulum sagittis sapien cum sociis,Odetta,Scarborough,490263630-1,450.992,754,2000,Philippines,"[""ac nulla"",""ultrices erat"",""nascetur"",""aliquam"",""vel"",""mus"",""sit"",""sapien placerat"",""tortor"",""id""]",09/10/2020,Odetta Scarborough
volutpat quam pede lobortis ligula sit amet eleifend pede libero quis orci nullam molestie nibh in,Bruno,Palley,439269026-1,951.667,1039,2009,Indonesia,"[""turpis"",""augue"",""vel"",""sit amet"",""congue"",""consequat dui"",""consequat in"",""amet cursus"",""sed tincidunt"",""aliquet""]",02/05/2021,Bruno Palley
in sapien iaculis congue vivamus metus arcu adipiscing molestie hendrerit,Parke,Biddleston,503298320-9,0.312,1484,2012,Poland,"[""ante vel"",""varius"",""dictumst morbi"",""risus auctor"",""ante ipsum"",""amet erat"",""justo sollicitudin"",""faucibus orci"",""ut"",""leo""]",10/20/2020,Parke Biddleston
eget semper rutrum nulla nunc,Jillane,Viollet,173081832-3,695.084,1428,1993,Denmark,"[""at"",""imperdiet"",""turpis"",""sem"",""vivamus"",""vehicula"",""odio"",""vel"",""turpis integer"",""ut""]",03/18/2021,Jillane Viollet
diam neque vestibulum eget vulputate ut ultrices vel augue vestibulum ante,Kerrin,Crake,524708111-0,723.501,22,1984,Lithuania,"[""viverra dapibus"",""justo sollicitudin"",""quis"",""in"",""pellentesque"",""et"",""odio"",""adipiscing elit"",""tempor"",""at""]",07/30/2020,Kerrin Crake
nibh in quis justo maecenas rhoncus aliquam,Maud,Burtenshaw,145872728-9,732.309,1578,1993,Syria,"[""ridiculus"",""et"",""tortor"",""quam"",""massa"",""risus semper"",""ipsum"",""scelerisque quam"",""mi"",""dolor quis""]",12/06/2020,Maud Burtenshaw
eu nibh quisque id justo sit amet sapien,Caddric,Anetts,295855858-4,340.311,1290,1997,Philippines,"[""augue"",""lectus pellentesque"",""donec vitae"",""feugiat"",""tellus nulla"",""at"",""cubilia curae"",""duis mattis"",""eleifend"",""sed sagittis""]",01/27/2021,Caddric Anetts
fusce consequat nulla nisl nunc nisl,Polly,Iuorio,799110831-7,880.734,791,1991,Russia,"[""integer"",""adipiscing molestie"",""luctus et"",""habitasse"",""metus aenean"",""suscipit ligula"",""donec semper"",""volutpat quam"",""volutpat erat"",""donec posuere""]",01/11/2021,Polly Iuorio
faucibus orci luctus et ultrices posuere cubilia curae donec pharetra magna vestibulum aliquet ultrices erat tortor sollicitudin mi sit,Ernest,Sherrum,295263089-5,470.951,112,2002,China,"[""vulputate elementum"",""eu tincidunt"",""felis"",""morbi vestibulum"",""morbi"",""ante ipsum"",""sapien quis"",""suscipit"",""rhoncus mauris"",""id justo""]",05/15/2021,Ernest Sherrum
elementum eu interdum eu tincidunt in leo maecenas pulvinar,Barnie,Dumbelton,871899080-0,376.706,1880,1990,Uruguay,"[""primis in"",""rutrum rutrum"",""mus"",""orci"",""eu"",""orci"",""vel augue"",""bibendum morbi"",""ultrices posuere"",""maecenas""]",01/02/2021,Barnie Dumbelton
nibh fusce lacus purus aliquet at feugiat non pretium quis lectus suspendisse potenti in eleifend quam a odio,Lusa,Caskie,422567905-5,484.344,1608,2003,Nicaragua,"[""ante"",""sapien in"",""at diam"",""sapien sapien"",""ut"",""adipiscing lorem"",""suspendisse"",""tortor risus"",""ante ipsum"",""ipsum ac""]",08/16/2020,Lusa Caskie
neque libero convallis eget,Husein,Cosker,069727267-2,862.828,988,1984,Philippines,"[""vitae"",""gravida"",""viverra pede"",""lectus"",""nulla ultrices"",""in est"",""sollicitudin"",""massa"",""justo sit"",""dapibus""]",06/22/2020,Husein Cosker
vel dapibus at diam nam tristique,Quintin,Pursglove,231311775-8,597.41,1618,2006,Portugal,"[""nunc"",""vestibulum"",""enim in"",""ipsum"",""ultrices"",""a ipsum"",""nisi"",""accumsan tortor"",""vel ipsum"",""ultrices phasellus""]",01/28/2021,Quintin Pursglove
augue,Robina,Moscon,645928176-9,399.869,613,1992,Philippines,"[""volutpat quam"",""ipsum primis"",""sed"",""ornare imperdiet"",""eget eros"",""orci"",""diam"",""justo sit"",""quisque"",""eu""]",02/28/2021,Robina Moscon
pede lobortis ligula sit amet eleifend pede libero quis orci nullam molestie nibh in lectus pellentesque at,Priscella,Solway,224080374-6,526.547,1652,2004,Russia,"[""sapien sapien"",""pellentesque"",""morbi a"",""lobortis"",""pede posuere"",""metus"",""pede"",""rutrum nulla"",""dolor"",""sit""]",06/28/2020,Priscella Solway
justo aliquam quis turpis eget elit sodales scelerisque mauris sit amet eros suspendisse accumsan tortor,Jobyna,Medling,407858739-9,164.285,1495,1956,Pakistan,"[""pede posuere"",""in"",""nisi venenatis"",""sem praesent"",""vulputate"",""ultrices"",""a"",""sapien"",""lacus at"",""phasellus id""]",11/25/2020,Jobyna Medling
laoreet ut rhoncus aliquet pulvinar sed nisl nunc,Boycey,Gommes,213374207-7,284.91,1075,2002,Sweden,"[""vestibulum quam"",""orci"",""tincidunt"",""montes nascetur"",""curae nulla"",""nec nisi"",""blandit non"",""mus"",""non interdum"",""vel nisl""]",08/09/2020,Boycey Gommes
sem fusce consequat nulla nisl nunc nisl duis bibendum,Garfield,Bellew,040757130-2,226.653,1825,2009,Indonesia,"[""dapibus"",""arcu sed"",""ipsum integer"",""odio justo"",""sit amet"",""elementum pellentesque"",""nascetur ridiculus"",""nullam sit"",""diam"",""neque""]",03/21/2021,Garfield Bellew
convallis nulla neque libero convallis eget eleifend luctus ultricies eu nibh quisque id justo sit amet sapien dignissim vestibulum vestibulum,Hettie,Pitcher,846026202-2,474.676,1056,1994,Philippines,"[""massa"",""scelerisque"",""nulla dapibus"",""convallis nulla"",""ullamcorper purus"",""molestie"",""tincidunt"",""magnis"",""nullam"",""praesent lectus""]",01/26/2021,Hettie Pitcher
aliquam quis turpis eget elit sodales scelerisque mauris sit amet eros suspendisse accumsan tortor quis turpis sed ante vivamus tortor,Clemmy,Lisciandri,019678986-9,380.342,1038,1994,Argentina,"[""risus"",""duis mattis"",""in tempus"",""tellus nisi"",""potenti"",""ac leo"",""nunc proin"",""vestibulum"",""nisl ut"",""quisque""]",08/28/2020,Clemmy Lisciandri
congue,Vivyanne,Grainger,772123850-1,723.465,864,2010,Philippines,"[""felis eu"",""tristique in"",""in"",""lacinia eget"",""felis"",""ac consequat"",""in purus"",""odio"",""est"",""integer ac""]",06/19/2021,Vivyanne Grainger
donec diam neque vestibulum eget,Lynelle,Druhan,379891061-8,827.97,1318,2002,Greece,"[""justo"",""est phasellus"",""donec ut"",""in"",""non"",""etiam faucibus"",""sapien quis"",""cubilia"",""pretium iaculis"",""vestibulum sagittis""]",04/02/2021,Lynelle Druhan
massa volutpat convallis morbi odio,Biddie,Dixson,359694892-4,156.949,1494,1985,Brazil,"[""elementum nullam"",""eleifend"",""integer"",""odio porttitor"",""ut dolor"",""feugiat"",""augue vel"",""at nibh"",""donec odio"",""posuere felis""]",08/31/2020,Biddie Dixson
nam nulla integer pede justo lacinia eget,Aidan,Martini,357307662-9,382.924,1744,2011,China,"[""penatibus"",""sed"",""ligula"",""augue"",""nisi"",""consectetuer"",""sit amet"",""sapien cursus"",""nulla"",""bibendum morbi""]",06/23/2021,Aidan Martini
platea dictumst maecenas ut massa quis augue luctus tincidunt nulla mollis molestie lorem quisque ut erat curabitur,Chester,Flahy,518847968-0,843.102,1357,1987,Philippines,"[""tempus"",""pede venenatis"",""dolor"",""congue"",""dui vel"",""vel nisl"",""vel"",""donec odio"",""lectus"",""aenean""]",11/16/2020,Chester Flahy
nulla eget eros elementum pellentesque quisque porta volutpat erat,Burg,Bateup,229889802-2,799.671,978,2004,Greece,"[""amet sapien"",""morbi"",""sapien quis"",""quisque"",""habitasse platea"",""vestibulum"",""sodales"",""vel"",""etiam faucibus"",""hac habitasse""]",11/02/2020,Burg Bateup
tellus nisi eu orci mauris lacinia sapien quis libero nullam sit amet turpis elementum ligula vehicula,Kerstin,Barme,642146384-3,423.874,1739,2005,Brazil,"[""aliquam"",""nulla integer"",""pede ac"",""vel"",""in porttitor"",""lorem id"",""maecenas leo"",""quam pharetra"",""pulvinar lobortis"",""quis libero""]",07/26/2020,Kerstin Barme
a libero nam,Valina,Mordan,845169514-0,507.761,1247,2012,Spain,"[""et"",""at"",""ultrices"",""eu"",""amet"",""morbi vel"",""ultrices erat"",""lectus"",""varius"",""odio odio""]",06/08/2021,Valina Mordan
lorem quisque ut erat curabitur gravida nisi at nibh in hac habitasse platea dictumst aliquam augue quam sollicitudin vitae consectetuer,Tynan,Kellert,889399834-3,739.309,1356,2012,Peru,"[""in congue"",""pede"",""nunc"",""justo"",""consequat lectus"",""suspendisse accumsan"",""nascetur ridiculus"",""augue vel"",""amet eros"",""commodo placerat""]",10/15/2020,Tynan Kellert
suspendisse accumsan tortor quis turpis sed ante vivamus tortor duis mattis egestas metus aenean fermentum,Sallee,Raddin,851875252-3,757.49,236,1997,Indonesia,"[""felis sed"",""amet"",""duis"",""vitae"",""sit amet"",""quis orci"",""morbi vestibulum"",""mattis nibh"",""donec"",""in faucibus""]",01/16/2021,Sallee Raddin
eget orci vehicula condimentum curabitur in libero ut massa volutpat convallis morbi odio odio elementum,Griswold,Scrooby,986285504-5,44.344,1753,2003,Indonesia,"[""eu tincidunt"",""amet"",""amet diam"",""mauris eget"",""ullamcorper augue"",""quis libero"",""posuere cubilia"",""vulputate"",""adipiscing"",""pede morbi""]",11/03/2020,Griswold Scrooby
adipiscing molestie hendrerit at vulputate vitae nisl aenean lectus pellentesque eget nunc donec quis orci eget orci vehicula,Klara,Draysay,483411869-X,426.367,488,1992,Afghanistan,"[""vitae consectetuer"",""viverra dapibus"",""lectus"",""ut nunc"",""eget"",""in"",""nulla"",""suspendisse potenti"",""justo sit"",""et ultrices""]",12/27/2020,Klara Draysay
erat,Vincents,Alderwick,093926984-8,618.767,495,2010,Poland,"[""pede ullamcorper"",""faucibus"",""pellentesque"",""vivamus"",""et"",""nulla"",""molestie nibh"",""vivamus"",""tortor eu"",""curabitur""]",12/11/2020,Vincents Alderwick
lacus curabitur at ipsum ac tellus,Phelia,Lathee,050757363-3,201.061,1111,2005,Brazil,"[""vitae"",""cum"",""vivamus"",""orci"",""phasellus"",""semper rutrum"",""tortor"",""ultrices"",""proin"",""non ligula""]",03/21/2021,Phelia Lathee
in lectus pellentesque at nulla suspendisse potenti cras in purus eu magna vulputate luctus cum sociis natoque penatibus et magnis,Helli,Traske,253746234-3,574.796,1321,2004,Indonesia,"[""integer a"",""duis faucibus"",""libero nullam"",""ante ipsum"",""faucibus cursus"",""luctus"",""turpis a"",""vestibulum"",""nulla elit"",""non""]",08/03/2020,Helli Traske
sapien quis libero,Wilfrid,Liddington,314212396-2,449.161,913,1990,Portugal,"[""sit"",""molestie"",""pharetra"",""cubilia"",""velit eu"",""luctus et"",""consequat"",""habitasse platea"",""malesuada"",""vivamus vel""]",12/07/2020,Wilfrid Liddington
pede malesuada in imperdiet et commodo vulputate justo in blandit ultrices enim lorem ipsum dolor sit amet consectetuer,Helenelizabeth,Stitson,539077338-1,901.413,1682,1993,Poland,"[""felis"",""donec"",""ut massa"",""in eleifend"",""ante"",""nascetur ridiculus"",""suspendisse"",""nulla"",""rhoncus"",""diam nam""]",09/30/2020,Helenelizabeth Stitson
volutpat erat quisque erat eros viverra eget congue eget semper rutrum nulla nunc purus phasellus in felis donec semper sapien,Clarke,Caltun,297449370-X,903.49,1358,1989,China,"[""nibh quisque"",""augue vestibulum"",""tellus in"",""sed vel"",""turpis"",""quis lectus"",""vivamus metus"",""eget eros"",""vel augue"",""orci""]",12/21/2020,Clarke Caltun
ultrices posuere cubilia curae donec pharetra magna vestibulum aliquet ultrices erat tortor sollicitudin mi sit amet lobortis sapien,Vikki,Belcher,818470302-3,405.337,646,1991,Sweden,"[""curae"",""praesent blandit"",""morbi quis"",""libero"",""massa"",""ut rhoncus"",""velit"",""suscipit ligula"",""sit amet"",""sagittis sapien""]",10/01/2020,Vikki Belcher
semper porta volutpat quam pede lobortis ligula sit amet eleifend pede libero quis orci nullam molestie nibh in lectus pellentesque,Kissiah,Rispin,221865010-X,170.295,651,2011,Indonesia,"[""aenean auctor"",""nunc"",""adipiscing"",""pretium"",""donec"",""vestibulum ac"",""enim"",""parturient"",""risus"",""ultrices""]",10/25/2020,Kissiah Rispin
vivamus in felis eu sapien cursus vestibulum proin,Brnaba,Minchenton,234285728-4,416.926,585,1985,United States,"[""ipsum ac"",""vitae"",""mauris"",""augue luctus"",""tincidunt"",""a feugiat"",""ipsum"",""sed"",""velit"",""cursus""]",03/07/2021,Brnaba Minchenton
turpis a pede posuere nonummy integer non velit donec diam,Gipsy,Cridlon,158115402-X,509.922,331,1996,Republic of the Congo,"[""ut massa"",""aliquet ultrices"",""nulla ut"",""venenatis"",""pede posuere"",""ipsum aliquam"",""elit"",""at"",""ante"",""consequat morbi""]",10/20/2020,Gipsy Cridlon
ut,Elton,Iveagh,475228052-3,957.087,290,2006,Portugal,"[""tortor duis"",""nibh in"",""quisque arcu"",""in purus"",""ante"",""tincidunt eget"",""integer"",""odio condimentum"",""ultrices posuere"",""at dolor""]",06/23/2020,Elton Iveagh
ut odio cras,Marla,Marsy,827718350-X,147.96,1016,2004,Chad,"[""mattis odio"",""cubilia"",""adipiscing elit"",""id nulla"",""dui vel"",""aliquam non"",""nulla eget"",""lacinia"",""fusce congue"",""sed magna""]",02/01/2021,Marla Marsy
non sodales sed tincidunt,Anna,Lammerich,511115006-4,17.905,1262,1994,Philippines,"[""sit amet"",""eget"",""primis in"",""fringilla rhoncus"",""mi sit"",""justo"",""id"",""tincidunt eget"",""velit eu"",""quam""]",01/21/2021,Anna Lammerich
interdum eu tincidunt in leo maecenas pulvinar lobortis,Noel,McCluskey,828272436-X,587.923,1815,2006,Philippines,"[""eu est"",""leo"",""at"",""mauris"",""morbi"",""eros"",""vehicula consequat"",""ullamcorper purus"",""hac"",""cras mi""]",01/23/2021,Noel McCluskey
justo in hac habitasse platea dictumst etiam faucibus cursus urna ut tellus,Tome,Thieme,661678029-5,560.409,1080,1987,Vietnam,"[""accumsan"",""turpis"",""pede"",""dui"",""aliquam"",""convallis nunc"",""ultricies eu"",""libero"",""ac est"",""nulla integer""]",10/08/2020,Tome Thieme
donec semper sapien a libero nam dui proin leo odio porttitor id consequat,Isidro,Tatteshall,607264661-1,650.114,1295,2011,Czech Republic,"[""augue vestibulum"",""mattis"",""ultrices libero"",""donec"",""orci"",""interdum"",""posuere metus"",""vivamus vestibulum"",""semper"",""sem praesent""]",03/09/2021,Isidro Tatteshall
neque libero convallis eget eleifend luctus ultricies eu nibh quisque id justo sit amet sapien dignissim vestibulum vestibulum,Annamarie,Bonevant,131021990-7,244.12,131,2003,Philippines,"[""convallis duis"",""molestie nibh"",""leo pellentesque"",""lacus"",""quis"",""id lobortis"",""curae"",""eu"",""nec"",""et""]",08/01/2020,Annamarie Bonevant
justo eu massa donec dapibus duis,Bernetta,Creane,889686087-3,503.305,594,2003,Colombia,"[""at nibh"",""duis"",""ridiculus mus"",""vestibulum"",""ultrices erat"",""morbi a"",""nulla nunc"",""lectus suspendisse"",""aliquam lacus"",""dolor""]",06/30/2020,Bernetta Creane
